node_id,total_sent,out_degree,sent_alert_count,max_risk_sent,total_received,in_degree,received_alert_count,max_risk_received,in_out_ratio,total_amount,max_risk_score,alert_count,pagerank,is_mule_account,suspicion_score
670102075976,0.0,0.0,0.0,0.0,2740131.9899999998,92.0,21.0,99.9,92000000.0,2740131.9899999998,99.9,21,0.00048216758649145754,1,0.8641
471425290978,0.0,0.0,0.0,0.0,3001074.32,97.0,22.0,99.9,97000000.0,3001074.32,99.9,22,0.0004507187516327996,1,0.8495
721050643757,0.0,0.0,0.0,0.0,3913005.4899999998,143.0,16.0,100.0,143000000.0,3913005.4899999998,100.0,16,0.0005228406782064833,1,0.8482
934650547896,0.0,0.0,0.0,0.0,2264819.42,107.0,15.0,100.0,107000000.0,2264819.42,100.0,15,0.0005228672144878318,1,0.8389
480661712892,0.0,0.0,0.0,0.0,2014559.11,84.0,22.0,99.9,84000000.0,2014559.11,99.9,22,0.0004074962131478617,1,0.8166
775764849956,0.0,0.0,0.0,0.0,2281539.14,94.0,17.0,100.0,94000000.0,2281539.14,100.0,17,0.00046534332148723907,1,0.8138
212728102763,0.0,0.0,0.0,0.0,1364622.3800000001,77.0,22.0,100.0,77000000.0,1364622.3800000001,100.0,22,0.00040350952926487425,1,0.8136
364911456494,0.0,0.0,0.0,0.0,2459392.07,106.0,19.0,100.0,106000000.0,2459392.07,100.0,19,0.0004331057679355883,1,0.808
746783435141,0.0,0.0,0.0,0.0,1841678.56,78.0,9.0,99.9,78000000.0,1841678.56,99.9,9,0.0005251968597024498,1,0.7844
852209437054,0.0,0.0,0.0,0.0,2107107.62,93.0,10.0,99.8,93000000.0,2107107.62,99.8,10,0.0005041521368497155,1,0.7777
128042145101,0.0,0.0,0.0,0.0,1786199.59,64.0,19.0,100.0,64000000.0,1786199.59,100.0,19,0.00039314440758177584,1,0.7776
722699729557,0.0,0.0,0.0,0.0,1289597.86,80.0,22.0,99.9,80000000.0,1289597.86,99.9,22,0.00034349976756720667,1,0.7679
191786884042,0.0,0.0,0.0,0.0,2606882.45,126.0,13.0,100.0,126000000.0,2606882.45,100.0,13,0.0004525851597027712,1,0.7666
235640798748,0.0,0.0,0.0,0.0,1336470.18,66.0,18.0,100.0,66000000.0,1336470.18,100.0,18,0.00038950778574206715,1,0.7654
670391327459,0.0,0.0,0.0,0.0,2028847.44,65.0,13.0,100.0,65000000.0,2028847.44,100.0,13,0.00044752804653935987,1,0.7627
480257636948,0.0,0.0,0.0,0.0,1779753.7,114.0,15.0,99.5,114000000.0,1779753.7,99.5,15,0.0004220142765601606,1,0.762
867849323568,0.0,0.0,0.0,0.0,1818894.3699999999,63.0,16.0,100.0,63000000.0,1818894.3699999999,100.0,16,0.0004023950481538893,1,0.7565
755772838417,0.0,0.0,0.0,0.0,1265317.24,91.0,17.0,99.9,91000000.0,1265317.24,99.9,17,0.00038810677865406987,1,0.755
235214583860,0.0,0.0,0.0,0.0,2021457.84,57.0,15.0,100.0,57000000.0,2021457.84,100.0,15,0.0004020201624696565,1,0.7468
390232810892,0.0,0.0,0.0,0.0,1860304.24,131.0,7.0,99.2,131000000.0,1860304.24,99.2,7,0.000498715173737832,1,0.7455
377444832313,0.0,0.0,0.0,0.0,1590622.24,43.0,21.0,100.0,43000000.0,1590622.24,100.0,21,0.0003140477348932302,1,0.7361
851755793416,0.0,0.0,0.0,0.0,1076131.04,63.0,19.0,99.9,63000000.0,1076131.04,99.9,19,0.0003349009173263873,1,0.7332
934676997354,0.0,0.0,0.0,0.0,2647494.79,75.0,17.0,100.0,75000000.0,2647494.79,100.0,17,0.0003492189527219517,1,0.7253
835880721503,0.0,0.0,0.0,0.0,1379340.28,73.0,16.0,99.8,73000000.0,1379340.28,99.8,16,0.0003593471786052373,1,0.7237
792915700806,0.0,0.0,0.0,0.0,1354542.3800000001,85.0,13.0,99.9,85000000.0,1354542.3800000001,99.9,13,0.00039513179035750905,1,0.7228
595862621221,0.0,0.0,0.0,0.0,833982.22,66.0,15.0,100.0,66000000.0,833982.22,100.0,15,0.0003677150541491427,1,0.7207
236981961493,0.0,0.0,0.0,0.0,2109527.12,114.0,10.0,100.0,114000000.0,2109527.12,100.0,10,0.00042834501744963983,1,0.72
668382499938,0.0,0.0,0.0,0.0,1192736.98,70.0,19.0,100.0,70000000.0,1192736.98,100.0,19,0.00031352995777898085,1,0.7169
889998416246,0.0,0.0,0.0,0.0,1442609.07,52.0,3.0,99.2,52000000.0,1442609.07,99.2,3,0.0005077827558409963,1,0.7149
409428772945,0.0,0.0,0.0,0.0,1649064.83,74.0,13.0,100.0,74000000.0,1649064.83,100.0,13,0.0003841232553592806,1,0.7144
259060969500,0.0,0.0,0.0,0.0,1173982.54,55.0,15.0,100.0,55000000.0,1173982.54,100.0,15,0.0003578243002820368,1,0.7132
990797271464,0.0,0.0,0.0,0.0,1224252.99,76.0,10.0,100.0,76000000.0,1224252.99,100.0,10,0.0004085917132258912,1,0.7049
591428370499,0.0,0.0,0.0,0.0,1263358.7,71.0,3.0,99.9,71000000.0,1263358.7,99.9,3,0.0004908943851500715,1,0.702
182479908159,0.0,0.0,0.0,0.0,1234463.29,56.0,10.0,100.0,56000000.0,1234463.29,100.0,10,0.00040211644441059605,1,0.7
824669129522,0.0,0.0,0.0,0.0,1952965.9,82.0,2.0,99.5,82000000.0,1952965.9,99.5,2,0.0004986067505441999,1,0.6985
763273294044,0.0,0.0,0.0,0.0,2102008.06,77.0,8.0,100.0,77000000.0,2102008.06,100.0,8,0.00042415998192445566,1,0.698
669892282068,0.0,0.0,0.0,0.0,1663244.55,106.0,9.0,99.8,106000000.0,1663244.55,99.8,9,0.0004110667469759108,1,0.6975
346953510698,0.0,0.0,0.0,0.0,1362054.67,72.0,9.0,100.0,72000000.0,1362054.67,100.0,9,0.000404988231446324,1,0.6928
829343241021,0.0,0.0,0.0,0.0,1519522.71,75.0,12.0,99.9,75000000.0,1519522.71,99.9,12,0.00036703863497240786,1,0.692
348064429384,0.0,0.0,0.0,0.0,1265066.47,80.0,15.0,99.7,80000000.0,1265066.47,99.7,15,0.0003296317653026094,1,0.6917
473470705444,0.0,0.0,0.0,0.0,1951052.58,66.0,12.0,99.8,66000000.0,1951052.58,99.8,12,0.00036348018252407394,1,0.6893
592037108537,0.0,0.0,0.0,0.0,1041316.02,69.0,13.0,99.9,69000000.0,1041316.02,99.9,13,0.00035010867321647786,1,0.6885
643048681051,0.0,0.0,0.0,0.0,1683658.81,96.0,9.0,99.9,96000000.0,1683658.81,99.9,9,0.0003942142857889868,1,0.6846
395672360379,0.0,0.0,0.0,0.0,2414266.31,109.0,3.0,98.5,109000000.0,2414266.31,98.5,3,0.00046555617050485833,1,0.6827
437583983457,0.0,0.0,0.0,0.0,1709890.24,66.0,12.0,100.0,66000000.0,1709890.24,100.0,12,0.0003527397970104217,1,0.6812
759984539473,0.0,0.0,0.0,0.0,1328866.32,81.0,13.0,99.9,81000000.0,1328866.32,99.9,13,0.00033991727875087304,1,0.6808
756869803301,0.0,0.0,0.0,0.0,1801943.5,103.0,2.0,97.5,103000000.0,1801943.5,97.5,2,0.00047476660734222014,1,0.6803
298575272358,0.0,0.0,0.0,0.0,2100612.88,80.0,10.0,99.9,80000000.0,2100612.88,99.9,10,0.0003753408845828657,1,0.6796
131126826000,0.0,0.0,0.0,0.0,2099702.84,99.0,10.0,99.8,99000000.0,2099702.84,99.8,10,0.0003736829546043217,1,0.6784
665546796153,0.0,0.0,0.0,0.0,1605672.28,71.0,4.0,99.2,71000000.0,1605672.28,99.2,4,0.00044394899897094036,1,0.6756
874835162688,0.0,0.0,0.0,0.0,1047570.97,58.0,14.0,100.0,58000000.0,1047570.97,100.0,14,0.0003206076348096541,1,0.6754
922091723280,0.0,0.0,0.0,0.0,1113560.77,55.0,8.0,99.9,55000000.0,1113560.77,99.9,8,0.0003904744691889252,1,0.6724
628578141248,0.0,0.0,0.0,0.0,1477037.73,65.0,10.0,99.7,65000000.0,1477037.73,99.7,10,0.00036531006330843704,1,0.672
600600284741,0.0,0.0,0.0,0.0,623694.94,47.0,15.0,99.3,47000000.0,623694.94,99.3,15,0.0003028205359651831,1,0.6713
364551024118,0.0,0.0,0.0,0.0,726275.12,50.0,9.0,99.6,50000000.0,726275.12,99.6,9,0.00037298439670800556,1,0.6684
519735359829,0.0,0.0,0.0,0.0,1226882.78,56.0,11.0,99.9,56000000.0,1226882.78,99.9,11,0.00034542494993961085,1,0.6662
551940240349,0.0,0.0,0.0,0.0,1160908.69,44.0,12.0,100.0,44000000.0,1160908.69,100.0,12,0.00033281024466704927,1,0.666
436444218036,0.0,0.0,0.0,0.0,750281.12,58.0,13.0,100.0,58000000.0,750281.12,100.0,13,0.0003194783550306133,1,0.6652
527174909207,0.0,0.0,0.0,0.0,1316813.46,44.0,8.0,100.0,44000000.0,1316813.46,100.0,8,0.0003778384564809449,1,0.6628
249075227660,0.0,0.0,0.0,0.0,1078803.14,66.0,4.0,99.9,66000000.0,1078803.14,99.9,4,0.0004270035671048494,1,0.6627
825690222480,0.0,0.0,0.0,0.0,1771011.27,101.0,3.0,89.4,101000000.0,1771011.27,89.4,3,0.0004391320530469462,1,0.6626
531550421756,0.0,0.0,0.0,0.0,941331.82,63.0,13.0,100.0,63000000.0,941331.82,100.0,13,0.0003157197484195641,1,0.6623
717647123968,0.0,0.0,0.0,0.0,1499903.06,77.0,10.0,99.9,77000000.0,1499903.06,99.9,10,0.00035166749105240973,1,0.6616
312002509425,0.0,0.0,0.0,0.0,1571534.1,45.0,11.0,100.0,45000000.0,1571534.1,100.0,11,0.00033831133553662013,1,0.6608
779179718154,0.0,0.0,0.0,0.0,1899594.29,101.0,2.0,94.6,101000000.0,1899594.29,94.6,2,0.00044798180585500053,1,0.6599
937657752779,0.0,0.0,0.0,0.0,920068.29,46.0,2.0,97.0,46000000.0,920068.29,97.0,2,0.0004440340189044629,1,0.6569
881058479856,0.0,0.0,0.0,0.0,2152646.04,66.0,10.0,99.9,66000000.0,2152646.04,99.9,10,0.00034466135914793,1,0.6563
199383754163,0.0,0.0,0.0,0.0,817326.49,27.0,8.0,99.9,27000000.0,817326.49,99.9,8,0.00036902876014755935,1,0.6561
455774334262,0.0,0.0,0.0,0.0,2837637.07,108.0,10.0,99.5,108000000.0,2837637.07,99.5,10,0.00034352816892673177,1,0.6554
640816967284,0.0,0.0,0.0,0.0,1719734.69,64.0,3.0,97.5,64000000.0,1719734.69,97.5,3,0.0004293272728831342,1,0.6551
376301205794,0.0,0.0,0.0,0.0,1119429.29,41.0,14.0,99.9,41000000.0,1119429.29,99.9,14,0.00029381697472741176,1,0.655
571637951414,0.0,0.0,0.0,0.0,2904345.03,145.0,4.0,99.2,145000000.0,2904345.03,99.2,4,0.00041640797649966703,1,0.6546
875258277822,0.0,0.0,0.0,0.0,853491.15,45.0,11.0,99.8,45000000.0,853491.15,99.8,11,0.00032747512757112866,1,0.6525
473879196939,0.0,0.0,0.0,0.0,2030318.96,84.0,6.0,99.9,84000000.0,2030318.96,99.9,6,0.00038737081259482834,1,0.6513
376080979937,0.0,0.0,0.0,0.0,2801424.94,77.0,9.0,99.9,77000000.0,2801424.94,99.9,9,0.0003502741006238308,1,0.6512
413749078919,0.0,0.0,0.0,0.0,887693.88,65.0,2.0,68.3,65000000.0,887693.88,68.3,2,0.00043647433468065294,1,0.6512
242849205698,0.0,0.0,0.0,0.0,2460086.18,129.0,5.0,100.0,129000000.0,2460086.18,100.0,5,0.0003965572670960904,1,0.6489
510926900010,0.0,0.0,0.0,0.0,1020246.18,54.0,13.0,100.0,54000000.0,1020246.18,100.0,13,0.00029641401976709876,1,0.6476
664288096071,0.0,0.0,0.0,0.0,1122655.32,72.0,9.0,100.0,72000000.0,1122655.32,100.0,9,0.00034555270086934504,1,0.6476
184371266153,0.0,0.0,0.0,0.0,1094734.98,40.0,10.0,99.9,40000000.0,1094734.98,99.9,10,0.000331242748587631,1,0.646
297126984292,0.0,0.0,0.0,0.0,1352256.52,63.0,8.0,99.9,63000000.0,1352256.52,99.9,8,0.0003555449091868302,1,0.6458
922311380205,0.0,0.0,0.0,0.0,1316999.51,57.0,2.0,98.9,57000000.0,1316999.51,98.9,2,0.00042540957015104516,1,0.6428
706719332414,0.0,0.0,0.0,0.0,1373544.75,43.0,3.0,98.9,43000000.0,1373544.75,98.9,3,0.00041286465627608077,1,0.6426
680250885306,0.0,0.0,0.0,0.0,431598.83,43.0,15.0,99.9,43000000.0,431598.83,99.9,15,0.00026408801279576054,1,0.6418
606022275939,0.0,0.0,0.0,0.0,530947.16,31.0,14.0,100.0,31000000.0,530947.16,100.0,14,0.00027508240651478966,1,0.6408
362792775629,0.0,0.0,0.0,0.0,1366362.07,40.0,1.0,94.8,40000000.0,1366362.07,94.8,1,0.0004349114842127043,1,0.6406
634748596274,0.0,0.0,0.0,0.0,983145.7999999999,43.0,11.0,99.9,43000000.0,983145.7999999999,99.9,11,0.00031108539933519453,1,0.6401
870879681813,0.0,0.0,0.0,0.0,1591577.94,56.0,3.0,99.9,56000000.0,1591577.94,99.9,3,0.00040932307227025853,1,0.6399
659231358376,0.0,0.0,0.0,0.0,1155488.28,49.0,11.0,100.0,49000000.0,1155488.28,100.0,11,0.0003099419507429945,1,0.6392
421495740022,0.0,0.0,0.0,0.0,1146435.94,58.0,7.0,99.9,58000000.0,1146435.94,99.9,7,0.00035758245245537574,1,0.638
270298631872,0.0,0.0,0.0,0.0,1616178.46,70.0,2.0,93.8,70000000.0,1616178.46,93.8,2,0.0004190475813569876,1,0.6379
927801690616,0.0,0.0,0.0,0.0,1674539.81,107.0,3.0,97.9,107000000.0,1674539.81,97.9,3,0.00040618950605111475,1,0.6375
738215830941,0.0,0.0,0.0,0.0,1035163.75,51.0,3.0,99.8,51000000.0,1035163.75,99.8,3,0.0004058599810683846,1,0.6372
406679487280,0.0,0.0,0.0,0.0,1446986.81,52.0,2.0,100.0,52000000.0,1446986.81,100.0,2,0.0004167706407262976,1,0.6362
129713123104,0.0,0.0,0.0,0.0,2256704.35,122.0,3.0,94.0,122000000.0,2256704.35,94.0,3,0.0004038444599422474,1,0.6357
247856761914,0.0,0.0,0.0,0.0,1279498.64,87.0,1.0,70.6,87000000.0,1279498.64,70.6,1,0.0004266285599100315,1,0.6343
960869464889,0.0,0.0,0.0,0.0,1743088.6199999999,88.0,2.0,99.1,88000000.0,1743088.6199999999,99.1,2,0.00041405423427398207,1,0.6341
243327781428,0.0,0.0,0.0,0.0,1320838.42,74.0,1.0,98.2,74000000.0,1320838.42,98.2,1,0.0004264113304234231,1,0.6341
365660740440,0.0,0.0,0.0,0.0,1095462.54,63.0,7.0,100.0,63000000.0,1095462.54,100.0,7,0.0003489111286545047,1,0.6314
230350315793,0.0,0.0,0.0,0.0,862764.19,54.0,9.0,99.9,54000000.0,862764.19,99.9,9,0.00032420058268741933,1,0.6313
581758196839,0.0,0.0,0.0,0.0,1166414.0,64.0,4.0,98.6,64000000.0,1166414.0,98.6,4,0.00038130282842748815,1,0.6279
827577525899,0.0,0.0,0.0,0.0,1351444.49,43.0,8.0,99.9,43000000.0,1351444.49,99.9,8,0.0003290987666900742,1,0.6256
253436542344,0.0,0.0,0.0,0.0,884339.62,70.0,4.0,97.9,70000000.0,884339.62,97.9,4,0.00037659713925894986,1,0.6243
144892690749,0.0,0.0,0.0,0.0,1791287.51,100.0,1.0,63.7,100000000.0,1791287.51,63.7,1,0.0004133759021809452,1,0.6242
309526507468,0.0,0.0,0.0,0.0,1762670.88,59.0,3.0,100.0,59000000.0,1762670.88,100.0,3,0.00038849914907845276,1,0.624
903496834489,0.0,0.0,0.0,0.0,772355.77,40.0,10.0,100.0,40000000.0,772355.77,100.0,10,0.0003011742978418863,1,0.6231
659649191287,0.0,0.0,0.0,0.0,1077465.3900000001,50.0,6.0,99.4,50000000.0,1077465.3900000001,99.4,6,0.0003498427787697478,1,0.6227
452676090905,0.0,0.0,0.0,0.0,962967.11,39.0,10.0,99.9,39000000.0,962967.11,99.9,10,0.0002996156022223378,1,0.6219
186927411531,0.0,0.0,0.0,0.0,922335.0599999999,67.0,11.0,99.2,67000000.0,922335.0599999999,99.2,11,0.00028618879360347573,1,0.6211
265984004501,0.0,0.0,0.0,0.0,1581214.56,53.0,7.0,100.0,53000000.0,1581214.56,100.0,7,0.00033517212829704433,1,0.6209
839886650378,0.0,0.0,0.0,0.0,1245562.84,82.0,1.0,98.4,82000000.0,1245562.84,98.4,1,0.00040757230663198747,1,0.6198
881015240344,0.0,0.0,0.0,0.0,1361792.8599999999,76.0,1.0,99.9,76000000.0,1361792.8599999999,99.9,1,0.0004074515663251003,1,0.6197
928837970618,0.0,0.0,0.0,0.0,1971948.66,73.0,5.0,100.0,73000000.0,1971948.66,100.0,5,0.000357992051529179,1,0.6195
587296118271,0.0,0.0,0.0,0.0,976868.52,64.0,10.0,99.6,64000000.0,976868.52,99.6,10,0.00029616688529923713,1,0.6193
782233112433,0.0,0.0,0.0,0.0,987428.8099999999,63.0,2.0,98.5,63000000.0,987428.8099999999,98.5,2,0.00039396875557585207,1,0.6188
222193439333,0.0,0.0,0.0,0.0,2192423.9,57.0,3.0,99.5,57000000.0,2192423.9,99.5,3,0.000381560569228944,1,0.6187
348639897373,0.0,0.0,0.0,0.0,707895.52,44.0,8.0,99.9,44000000.0,707895.52,99.9,8,0.00031841685875992935,1,0.6175
998022857870,0.0,0.0,0.0,0.0,735487.56,44.0,11.0,99.9,44000000.0,735487.56,99.9,11,0.00027764998422807197,1,0.6146
896905768464,0.0,0.0,0.0,0.0,1599143.8499999999,42.0,8.0,100.0,42000000.0,1599143.8499999999,100.0,8,0.0003125328428375598,1,0.613
475378826055,0.0,0.0,0.0,0.0,1508357.82,55.0,1.0,89.7,55000000.0,1508357.82,89.7,1,0.00039862794020835483,1,0.613
396027535930,0.0,0.0,0.0,0.0,1518626.08,87.0,2.0,96.8,87000000.0,1518626.08,96.8,2,0.00038549657735234566,1,0.6124
403182298235,0.0,0.0,0.0,0.0,1512777.75,97.0,2.0,97.3,97000000.0,1512777.75,97.3,2,0.00038320877059604103,1,0.6106
435977513908,0.0,0.0,0.0,0.0,2227306.31,108.0,3.0,99.0,108000000.0,2227306.31,99.0,3,0.0003704339906097333,1,0.6103
738870834980,0.0,0.0,0.0,0.0,1002618.06,45.0,9.0,99.9,45000000.0,1002618.06,99.9,9,0.0002961680345379661,1,0.6099
239429499957,0.0,0.0,0.0,0.0,1854520.59,89.0,2.0,99.6,89000000.0,1854520.59,99.6,2,0.00038223516886210933,1,0.6099
233524436372,0.0,0.0,0.0,0.0,1608192.78,88.0,2.0,98.7,88000000.0,1608192.78,98.7,2,0.0003804449055951388,1,0.6085
970098780030,0.0,0.0,0.0,0.0,879037.87,45.0,1.0,100.0,45000000.0,879037.87,100.0,1,0.00038963616964484245,1,0.6061
845653958758,0.0,0.0,0.0,0.0,708213.99,51.0,2.0,98.7,51000000.0,708213.99,98.7,2,0.0003766374050081314,1,0.6056
495426705922,0.0,0.0,0.0,0.0,1680321.83,39.0,2.0,99.1,39000000.0,1680321.83,99.1,2,0.000375774312160899,1,0.6049
230081637086,0.0,0.0,0.0,0.0,1767178.94,81.0,1.0,98.0,81000000.0,1767178.94,98.0,1,0.00038768901899371007,1,0.6046
580385251065,0.0,0.0,0.0,0.0,2738892.3,68.0,1.0,87.2,68000000.0,2738892.3,87.2,1,0.0003845356014140816,1,0.6022
334566803002,0.0,0.0,0.0,0.0,825719.42,54.0,8.0,99.9,54000000.0,825719.42,99.9,8,0.0002981906002347552,1,0.6021
592519973074,0.0,0.0,0.0,0.0,1015396.88,37.0,7.0,99.9,37000000.0,1015396.88,99.9,7,0.0003103552168101376,1,0.602
511539256672,0.0,0.0,0.0,0.0,1238326.53,48.0,3.0,99.4,48000000.0,1238326.53,99.4,3,0.0003591653685081327,1,0.6017
440118594269,0.0,0.0,0.0,0.0,899977.68,66.0,1.0,91.3,66000000.0,899977.68,91.3,1,0.00038372737280629077,1,0.6016
892611386421,0.0,0.0,0.0,0.0,1073048.16,67.0,9.0,99.8,67000000.0,1073048.16,99.8,9,0.00028454776785862956,1,0.6011
224151431059,0.0,0.0,0.0,0.0,1494436.61,93.0,0.0,68.7,93000000.0,1494436.61,68.7,0,0.00039472393449762634,0,0.6006
665792814484,0.0,0.0,0.0,0.0,1093060.32,7.0,7.0,99.4,7000000.0,1093060.32,99.4,7,0.0003078559501364304,1,0.6001
585665142462,0.0,0.0,0.0,0.0,1378578.43,61.0,2.0,96.6,61000000.0,1378578.43,96.6,2,0.0003690316425569601,1,0.5998
536441278731,0.0,0.0,0.0,0.0,1416458.69,67.0,3.0,99.8,67000000.0,1416458.69,99.8,3,0.00035607036574276653,1,0.5993
103851278347,0.0,0.0,0.0,0.0,1057675.85,42.0,8.0,100.0,42000000.0,1057675.85,100.0,8,0.00029421668855290065,1,0.5991
934551723863,0.0,0.0,0.0,0.0,1552963.52,51.0,1.0,99.9,51000000.0,1552963.52,99.9,1,0.0003800802927407358,1,0.5989
590378135716,0.0,0.0,0.0,0.0,1557339.66,51.0,2.0,100.0,51000000.0,1557339.66,100.0,2,0.00036639127984411195,1,0.5978
766656500995,0.0,0.0,0.0,0.0,674535.22,48.0,7.0,99.8,48000000.0,674535.22,99.8,7,0.0003011009228740248,1,0.5949
912308838788,0.0,0.0,0.0,0.0,1066235.69,66.0,4.0,96.2,66000000.0,1066235.69,96.2,4,0.0003371513198896327,1,0.5943
121421385899,0.0,0.0,0.0,0.0,708537.7,36.0,3.0,99.9,36000000.0,708537.7,99.9,3,0.00034855044053568306,1,0.5936
183101082855,0.0,0.0,0.0,0.0,1628942.09,74.0,2.0,97.1,74000000.0,1628942.09,97.1,2,0.00035941952546416186,1,0.5925
261905164467,0.0,0.0,0.0,0.0,1054815.09,54.0,2.0,100.0,54000000.0,1054815.09,100.0,2,0.00035892445764348734,1,0.5921
933634271229,0.0,0.0,0.0,0.0,793544.72,59.0,3.0,99.3,59000000.0,793544.72,99.3,3,0.00034627513279421123,1,0.5919
606683304477,0.0,0.0,0.0,0.0,1145438.5,81.0,8.0,99.1,81000000.0,1145438.5,99.1,8,0.0002845234345034547,1,0.5917
156697104564,0.0,0.0,0.0,0.0,727667.09,45.0,1.0,99.1,45000000.0,727667.09,99.1,1,0.00036985662376053634,1,0.5911
163414302539,0.0,0.0,0.0,0.0,1345719.26,63.0,2.0,67.8,63000000.0,1345719.26,67.8,2,0.00035609444918570734,1,0.59
865512514171,0.0,0.0,0.0,0.0,1147423.59,43.0,11.0,99.4,43000000.0,1147423.59,99.4,11,0.00024525366081515646,1,0.5899
832365970325,0.0,0.0,0.0,0.0,527660.46,39.0,12.0,100.0,39000000.0,527660.46,100.0,12,0.00023255108450253027,1,0.5896
207167873783,0.0,0.0,0.0,0.0,788330.76,47.0,2.0,94.2,47000000.0,788330.76,94.2,2,0.0003554909363883386,1,0.5895
794358704729,0.0,0.0,0.0,0.0,489926.65,24.0,2.0,99.2,24000000.0,489926.65,99.2,2,0.0003537900463163663,1,0.5882
793333647431,0.0,0.0,0.0,0.0,1613856.3699999999,81.0,2.0,98.4,81000000.0,1613856.3699999999,98.4,2,0.0003537008910321082,1,0.5881
962332762675,0.0,0.0,0.0,0.0,528700.07,35.0,2.0,97.3,35000000.0,528700.07,97.3,2,0.0003518634100610263,1,0.5867
647740114682,0.0,0.0,0.0,0.0,621869.69,45.0,7.0,100.0,45000000.0,621869.69,100.0,7,0.00029008042815239317,1,0.5866
613136172872,0.0,0.0,0.0,0.0,651189.15,49.0,1.0,87.9,49000000.0,651189.15,87.9,1,0.00036377575276111775,1,0.5864
404512369810,0.0,0.0,0.0,0.0,865543.92,57.0,1.0,98.2,57000000.0,865543.92,98.2,1,0.0003626238374100997,1,0.5856
354129534556,0.0,0.0,0.0,0.0,805170.74,45.0,1.0,75.7,45000000.0,805170.74,75.7,1,0.00036256654127060704,1,0.5855
685821056277,0.0,0.0,0.0,0.0,976041.99,57.0,1.0,99.1,57000000.0,976041.99,99.1,1,0.00036243340438172863,1,0.5854
981195512835,0.0,0.0,0.0,0.0,903802.87,65.0,3.0,99.6,65000000.0,903802.87,99.6,3,0.00033636298812015557,1,0.5843
502004870036,0.0,0.0,0.0,0.0,796423.6799999999,32.0,3.0,99.7,32000000.0,796423.6799999999,99.7,3,0.00033640805550999223,1,0.5843
592664812212,0.0,0.0,0.0,0.0,1088224.53,79.0,3.0,81.1,79000000.0,1088224.53,81.1,3,0.00033636784616974214,1,0.5843
814899952889,0.0,0.0,0.0,0.0,945892.71,44.0,8.0,99.9,44000000.0,945892.71,99.9,8,0.00027463553362513005,1,0.5842
398684976957,0.0,0.0,0.0,0.0,1471759.65,60.0,2.0,99.9,60000000.0,1471759.65,99.9,2,0.0003456715843695913,1,0.582
821115448513,0.0,0.0,0.0,0.0,920237.62,51.0,2.0,96.7,51000000.0,920237.62,96.7,2,0.0003453663488070023,1,0.5818
188656467760,0.0,0.0,0.0,0.0,755669.97,40.0,5.0,100.0,40000000.0,755669.97,100.0,5,0.0003083513306069921,1,0.5817
270269412871,0.0,0.0,0.0,0.0,1049530.05,79.0,4.0,98.1,79000000.0,1049530.05,98.1,4,0.00032035175992746435,1,0.5815
751920905955,0.0,0.0,0.0,0.0,1039349.31,62.0,1.0,94.5,62000000.0,1039349.31,94.5,1,0.0003565274875768124,1,0.5809
607046093065,0.0,0.0,0.0,0.0,1777175.5,91.0,2.0,96.2,91000000.0,1777175.5,96.2,2,0.0003437430347541948,1,0.5806
218011764205,0.0,0.0,0.0,0.0,901555.77,67.0,0.0,41.0,67000000.0,901555.77,41.0,0,0.0003675621613571391,0,0.5799
956031605792,0.0,0.0,0.0,0.0,1045572.62,68.0,0.0,58.3,68000000.0,1045572.62,58.3,0,0.0003669304702145755,0,0.5795
183549351833,0.0,0.0,0.0,0.0,1039147.4500000001,43.0,2.0,97.6,43000000.0,1039147.4500000001,97.6,2,0.0003420690323699861,1,0.5793
352646169136,0.0,0.0,0.0,0.0,845806.09,52.0,1.0,95.8,52000000.0,845806.09,95.8,1,0.0003537711990714926,1,0.5788
789932599514,0.0,0.0,0.0,0.0,922452.85,56.0,0.0,27.8,56000000.0,922452.85,27.8,0,0.0003657609820708862,0,0.5786
671854755399,0.0,0.0,0.0,0.0,1441751.86,54.0,3.0,100.0,54000000.0,1441751.86,100.0,3,0.0003282639231826529,1,0.5781
725308753804,0.0,0.0,0.0,0.0,320044.5,20.0,9.0,100.0,20000000.0,320044.5,100.0,9,0.00025409636724807195,1,0.5779
628598563035,0.0,0.0,0.0,0.0,979519.87,54.0,2.0,98.4,54000000.0,979519.87,98.4,2,0.0003392134851518579,1,0.5771
190947437617,0.0,0.0,0.0,0.0,593357.36,51.0,2.0,95.1,51000000.0,593357.36,95.1,2,0.00033824465975058015,1,0.5764
892431130032,0.0,0.0,0.0,0.0,983162.1900000001,57.0,1.0,63.8,57000000.0,983162.1900000001,63.8,1,0.00035054467818075574,1,0.5764
149455618918,0.0,0.0,0.0,0.0,738402.6,55.0,3.0,91.9,55000000.0,738402.6,91.9,3,0.0003232871354811487,1,0.5743
248807352330,0.0,0.0,0.0,0.0,946108.16,78.0,3.0,92.5,78000000.0,946108.16,92.5,3,0.00032295417445901437,1,0.5741
421861640412,0.0,0.0,0.0,0.0,659741.46,42.0,1.0,21.9,42000000.0,659741.46,21.9,1,0.00034613823236585633,1,0.573
179863633655,0.0,0.0,0.0,0.0,1656070.86,86.0,2.0,95.2,86000000.0,1656070.86,95.2,2,0.0003308183472453486,1,0.5707
191004185304,0.0,0.0,0.0,0.0,1250612.46,50.0,1.0,99.8,50000000.0,1250612.46,99.8,1,0.00034166260396106373,1,0.5696
546662108254,0.0,0.0,0.0,0.0,729255.48,48.0,6.0,99.4,48000000.0,729255.48,99.4,6,0.0002801600444940103,1,0.5696
270458323156,0.0,0.0,0.0,0.0,1690105.6500000001,56.0,2.0,99.9,56000000.0,1690105.6500000001,99.9,2,0.0003275938542768955,1,0.5683
393561828617,0.0,0.0,0.0,0.0,1169921.39,59.0,1.0,84.2,59000000.0,1169921.39,84.2,1,0.00033828315777890397,1,0.567
239630627541,0.0,0.0,0.0,0.0,1272772.45,34.0,2.0,100.0,34000000.0,1272772.45,100.0,2,0.0003248538445443958,1,0.5662
414504421004,0.0,0.0,0.0,0.0,1284119.49,66.0,3.0,99.4,66000000.0,1284119.49,99.4,3,0.00031218574353267736,1,0.5659
470507885696,0.0,0.0,0.0,0.0,663617.86,50.0,1.0,96.9,50000000.0,663617.86,96.9,1,0.00033533648403271017,1,0.5648
350054097599,0.0,0.0,0.0,0.0,873246.17,73.0,2.0,97.9,73000000.0,873246.17,97.9,2,0.0003227309432616372,1,0.5645
987671880484,0.0,0.0,0.0,0.0,995287.48,81.0,1.0,86.2,81000000.0,995287.48,86.2,1,0.00033469335161630877,1,0.5643
683507445257,0.0,0.0,0.0,0.0,999421.19,69.0,1.0,98.9,69000000.0,999421.19,98.9,1,0.0003338828402306775,1,0.5637
605096346224,0.0,0.0,0.0,0.0,453318.57,39.0,0.0,22.8,39000000.0,453318.57,22.8,0,0.0003462687211141098,0,0.5637
180556835677,0.0,0.0,0.0,0.0,970890.25,64.0,1.0,79.4,64000000.0,970890.25,79.4,1,0.00033162623318531016,1,0.5619
625471052705,0.0,0.0,0.0,0.0,691746.24,53.0,1.0,99.6,53000000.0,691746.24,99.6,1,0.00032978701872546547,1,0.5605
226828513003,0.0,0.0,0.0,0.0,842423.24,47.0,1.0,98.4,47000000.0,842423.24,98.4,1,0.0003282127514159122,1,0.5593
541187280273,0.0,0.0,0.0,0.0,1241880.24,54.0,3.0,98.0,54000000.0,1241880.24,98.0,3,0.0003034123826099329,1,0.5592
867794461876,0.0,0.0,0.0,0.0,1446958.11,68.0,3.0,100.0,68000000.0,1446958.11,100.0,3,0.0003028893623228212,1,0.5588
238893850261,0.0,0.0,0.0,0.0,712451.52,32.0,1.0,95.0,32000000.0,712451.52,95.0,1,0.0003268836313945445,1,0.5583
879454067994,0.0,0.0,0.0,0.0,788967.88,43.0,2.0,100.0,43000000.0,788967.88,100.0,2,0.0003136293409813517,1,0.5576
155829482003,0.0,0.0,0.0,0.0,1012717.97,65.0,2.0,97.8,65000000.0,1012717.97,97.8,2,0.00031322269596378583,1,0.5573
394102653485,0.0,0.0,0.0,0.0,977806.48,54.0,3.0,99.8,54000000.0,977806.48,99.8,3,0.00030014087871985134,1,0.5567
319598531138,0.0,0.0,0.0,0.0,968850.91,47.0,2.0,100.0,47000000.0,968850.91,100.0,2,0.0003124200430511889,1,0.5567
424469833715,0.0,0.0,0.0,0.0,774240.35,51.0,1.0,88.3,51000000.0,774240.35,88.3,1,0.00032313700847819154,1,0.5555
128031190396,0.0,0.0,0.0,0.0,818895.96,65.0,0.0,60.1,65000000.0,818895.96,60.1,0,0.0003353521475554736,0,0.5554
106880224187,0.0,0.0,0.0,0.0,752219.58,52.0,2.0,94.9,52000000.0,752219.58,94.9,2,0.00030844658713547645,1,0.5537
775656632735,0.0,0.0,0.0,0.0,766431.58,49.0,0.0,42.6,49000000.0,766431.58,42.6,0,0.0003330625951169317,0,0.5537
993597256602,0.0,0.0,0.0,0.0,570207.08,52.0,2.0,99.0,52000000.0,570207.08,99.0,2,0.00030837142945950696,1,0.5536
198902503190,0.0,0.0,0.0,0.0,794200.61,52.0,1.0,99.4,52000000.0,794200.61,99.4,1,0.000320356080943165,1,0.5534
579822295496,0.0,0.0,0.0,0.0,2174707.85,41.0,1.0,75.4,41000000.0,2174707.85,75.4,1,0.000320137676200716,1,0.5532
934337446318,0.0,0.0,0.0,0.0,1507996.08,44.0,1.0,94.8,44000000.0,1507996.08,94.8,1,0.00032006241062483397,1,0.5531
287644018377,0.0,0.0,0.0,0.0,850851.58,52.0,0.0,69.8,52000000.0,850851.58,69.8,0,0.00033220123096495415,0,0.553
376117191794,0.0,0.0,0.0,0.0,531512.69,31.0,1.0,98.7,31000000.0,531512.69,98.7,1,0.00031939839492618657,1,0.5526
564597447314,0.0,0.0,0.0,0.0,1584835.79,97.0,1.0,99.5,97000000.0,1584835.79,99.5,1,0.00031889706893924375,1,0.5523
741912434754,0.0,0.0,0.0,0.0,804873.87,5.0,5.0,99.9,5000000.0,804873.87,99.9,5,0.00026940660883143153,1,0.5521
274441717974,0.0,0.0,0.0,0.0,882984.8600000001,30.0,2.0,98.6,30000000.0,882984.8600000001,98.6,2,0.0003054288445906203,1,0.5514
438392570934,0.0,0.0,0.0,0.0,771942.34,45.0,0.0,26.8,45000000.0,771942.34,26.8,0,0.00032987635635494723,0,0.5512
931221178469,0.0,0.0,0.0,0.0,1694796.6500000001,32.0,1.0,99.9,32000000.0,1694796.6500000001,99.9,1,0.0003171736575336267,1,0.5509
126265790915,0.0,0.0,0.0,0.0,463647.0,37.0,1.0,92.8,37000000.0,463647.0,92.8,1,0.00031678816754641227,1,0.5506
212919698381,0.0,0.0,0.0,0.0,1297809.82,54.0,1.0,98.5,54000000.0,1297809.82,98.5,1,0.00031549584547819863,1,0.5497
941211442217,0.0,0.0,0.0,0.0,698208.6900000001,40.0,2.0,99.4,40000000.0,698208.6900000001,99.4,2,0.00030322539889181396,1,0.5497
827612451933,0.0,0.0,0.0,0.0,1073751.62,53.0,0.0,29.8,53000000.0,1073751.62,29.8,0,0.0003277651113623561,0,0.5496
773830921628,0.0,0.0,0.0,0.0,1151390.91,53.0,2.0,97.6,53000000.0,1151390.91,97.6,2,0.00030214745089106435,1,0.5489
525463808073,0.0,0.0,0.0,0.0,875685.51,42.0,1.0,98.2,42000000.0,875685.51,98.2,1,0.00031432047516166955,1,0.5488
797034955173,0.0,0.0,0.0,0.0,585993.51,50.0,2.0,98.1,50000000.0,585993.51,98.1,2,0.00030177922277134804,1,0.5486
215483308704,0.0,0.0,0.0,0.0,616530.71,51.0,3.0,99.6,51000000.0,616530.71,99.6,3,0.0002895024711958795,1,0.5486
212072383102,0.0,0.0,0.0,0.0,581822.11,44.0,2.0,99.7,44000000.0,581822.11,99.7,2,0.0003015415152692319,1,0.5484
209004702239,0.0,0.0,0.0,0.0,1535415.68,56.0,1.0,98.3,56000000.0,1535415.68,98.3,1,0.00031373729061308483,1,0.5483
542569769493,0.0,0.0,0.0,0.0,491434.36,21.0,3.0,97.5,21000000.0,491434.36,97.5,3,0.000288949447390483,1,0.5482
513223317587,0.0,0.0,0.0,0.0,1081938.8499999999,70.0,2.0,99.4,70000000.0,1081938.8499999999,99.4,2,0.00030043715581031243,1,0.5476
369414829563,0.0,0.0,0.0,0.0,1651726.55,61.0,1.0,100.0,61000000.0,1651726.55,100.0,1,0.0003097683701100806,1,0.5453
551748398272,0.0,0.0,0.0,0.0,1356212.58,60.0,2.0,99.5,60000000.0,1356212.58,99.5,2,0.00029677849008855214,1,0.5448
678019971006,0.0,0.0,0.0,0.0,674316.03,59.0,1.0,26.6,59000000.0,674316.03,26.6,1,0.0003088410955674084,1,0.5446
116316161482,0.0,0.0,0.0,0.0,1588140.61,53.0,2.0,99.0,53000000.0,1588140.61,99.0,2,0.000295951898606531,1,0.5442
982948118850,0.0,0.0,0.0,0.0,783819.88,44.0,0.0,23.9,44000000.0,783819.88,23.9,0,0.0003182808886438295,0,0.5424
309245136276,0.0,0.0,0.0,0.0,471242.62,5.0,5.0,99.9,5000000.0,471242.62,99.9,5,0.0002559397848580121,1,0.5418
290448247088,0.0,0.0,0.0,0.0,730552.96,32.0,3.0,98.4,32000000.0,730552.96,98.4,3,0.0002799867611243513,1,0.5414
311930283071,0.0,0.0,0.0,0.0,419647.83,43.0,1.0,96.8,43000000.0,419647.83,96.8,1,0.00030357688673291215,1,0.5406
652514786703,0.0,0.0,0.0,0.0,996382.9400000001,43.0,1.0,95.4,43000000.0,996382.9400000001,95.4,1,0.00030316500913082255,1,0.5403
240659540133,0.0,0.0,0.0,0.0,1479649.09,73.0,2.0,92.2,73000000.0,1479649.09,92.2,2,0.0002906445553374082,1,0.5401
662667582701,0.0,0.0,0.0,0.0,945051.25,62.0,0.0,18.9,62000000.0,945051.25,18.9,0,0.00031428395524319357,0,0.5394
690489113592,0.0,0.0,0.0,0.0,648875.95,38.0,1.0,82.0,38000000.0,648875.95,82.0,1,0.0003020348588815754,1,0.5394
933664092054,0.0,0.0,0.0,0.0,416732.69,30.0,0.0,26.2,30000000.0,416732.69,26.2,0,0.0003130992315115971,0,0.5385
313565276748,0.0,0.0,0.0,0.0,116430.12,11.0,10.0,99.8,11000000.0,116430.12,99.8,10,0.00018989237104170118,1,0.5384
254772724039,0.0,0.0,0.0,0.0,721940.01,41.0,1.0,98.9,41000000.0,721940.01,98.9,1,0.00030046542812441063,1,0.5382
754312588160,0.0,0.0,0.0,0.0,496749.09,45.0,1.0,100.0,45000000.0,496749.09,100.0,1,0.00030028662614505836,1,0.5381
207057741986,0.0,0.0,0.0,0.0,538638.57,44.0,2.0,99.8,44000000.0,538638.57,99.8,2,0.00028650341271886263,1,0.537
260338985437,0.0,0.0,0.0,0.0,1229599.7,62.0,3.0,99.5,62000000.0,1229599.7,99.5,3,0.0002738059018452834,1,0.5367
955940455598,0.0,0.0,0.0,0.0,718060.3200000001,34.0,0.0,42.7,34000000.0,718060.3200000001,42.7,0,0.0003104640560112735,0,0.5365
949534263533,0.0,0.0,0.0,0.0,1290823.49,53.0,1.0,84.1,53000000.0,1290823.49,84.1,1,0.00029773066460774526,1,0.5361
215875070648,0.0,0.0,0.0,0.0,604477.58,47.0,0.0,41.2,47000000.0,604477.58,41.2,0,0.00030973749605024345,0,0.5359
516557560841,0.0,0.0,0.0,0.0,708559.23,43.0,0.0,45.4,43000000.0,708559.23,45.4,0,0.00030925377191616917,0,0.5355
621991353720,0.0,0.0,0.0,0.0,516301.58,28.0,1.0,85.4,28000000.0,516301.58,85.4,1,0.0002962684059745826,1,0.535
503673376898,0.0,0.0,0.0,0.0,735801.12,54.0,0.0,46.5,54000000.0,735801.12,46.5,0,0.00030843380126348784,0,0.5349
794199099826,0.0,0.0,0.0,0.0,495970.96,30.0,3.0,99.0,30000000.0,495970.96,99.0,3,0.00027136088322120565,1,0.5348
330188265146,0.0,0.0,0.0,0.0,629275.99,43.0,3.0,94.5,43000000.0,629275.99,94.5,3,0.00027118312327724413,1,0.5347
867140423433,0.0,0.0,0.0,0.0,1332573.71,69.0,0.0,97.4,69000000.0,1332573.71,97.4,0,0.0003079673330133016,0,0.5346
703499594486,0.0,0.0,0.0,0.0,653709.45,50.0,1.0,94.9,50000000.0,653709.45,94.9,1,0.0002953220874842398,1,0.5343
105872457427,0.0,0.0,0.0,0.0,634546.25,26.0,0.0,29.9,26000000.0,634546.25,29.9,0,0.0003076945675590548,0,0.5343
315890313520,0.0,0.0,0.0,0.0,391375.04,26.0,3.0,90.0,26000000.0,391375.04,90.0,3,0.00027055786630754696,1,0.5342
802591199146,0.0,0.0,0.0,0.0,387018.71,38.0,1.0,92.7,38000000.0,387018.71,92.7,1,0.00029460833662814856,1,0.5338
800249842793,0.0,0.0,0.0,0.0,493730.88999999996,4.0,4.0,99.9,4000000.0,493730.88999999996,99.9,4,0.0002575127568200501,1,0.5336
167923256101,0.0,0.0,0.0,0.0,425979.88999999996,4.0,4.0,99.8,4000000.0,425979.88999999996,99.8,4,0.00025666140894168844,1,0.533
176876818279,0.0,0.0,0.0,0.0,623382.12,47.0,1.0,95.6,47000000.0,623382.12,95.6,1,0.00029350040354699403,1,0.5329
738471078930,0.0,0.0,0.0,0.0,588884.0700000001,40.0,2.0,98.1,40000000.0,588884.0700000001,98.1,2,0.0002809913802253709,1,0.5328
604297356440,0.0,0.0,0.0,0.0,1089606.45,45.0,1.0,97.9,45000000.0,1089606.45,97.9,1,0.0002931471280742775,1,0.5326
271160310900,0.0,0.0,0.0,0.0,431885.19,23.0,1.0,97.4,23000000.0,431885.19,97.4,1,0.00029290459837117463,1,0.5325
992401207992,0.0,0.0,0.0,0.0,612623.73,35.0,1.0,98.3,35000000.0,612623.73,98.3,1,0.00029203960274715206,1,0.5318
823487728845,0.0,0.0,0.0,0.0,1042693.11,46.0,1.0,98.7,46000000.0,1042693.11,98.7,1,0.0002917495322639987,1,0.5316
403959508779,0.0,0.0,0.0,0.0,411005.15,30.0,3.0,98.3,30000000.0,411005.15,98.3,3,0.00026648478789558937,1,0.5311
394032454136,0.0,0.0,0.0,0.0,866287.5700000001,34.0,0.0,37.6,34000000.0,866287.5700000001,37.6,0,0.00030301650230164063,0,0.5308
775858000572,0.0,0.0,0.0,0.0,963536.4,40.0,1.0,99.9,40000000.0,963536.4,99.9,1,0.00029028736806100113,1,0.5305
858571463009,0.0,0.0,0.0,0.0,740894.45,54.0,1.0,80.4,54000000.0,740894.45,80.4,1,0.0002899342071481799,1,0.5302
674666765568,0.0,0.0,0.0,0.0,381923.4,5.0,5.0,99.8,5000000.0,381923.4,99.8,5,0.00024036496122161892,1,0.5299
152861978664,0.0,0.0,0.0,0.0,477055.58,4.0,4.0,99.8,4000000.0,477055.58,99.8,4,0.0002525440250882313,1,0.5298
687717817374,0.0,0.0,0.0,0.0,554281.03,40.0,0.0,26.9,40000000.0,554281.03,26.9,0,0.00030166707025112467,0,0.5298
271330853504,0.0,0.0,0.0,0.0,903999.29,57.0,1.0,76.0,57000000.0,903999.29,76.0,1,0.0002889067094636446,1,0.5294
882255728359,0.0,0.0,0.0,0.0,561485.89,43.0,2.0,95.4,43000000.0,561485.89,95.4,2,0.0002761313824641176,1,0.5291
745522406633,0.0,0.0,0.0,0.0,605563.24,43.0,1.0,98.3,43000000.0,605563.24,98.3,1,0.0002884793052432302,1,0.5291
319267312899,0.0,0.0,0.0,0.0,778957.69,54.0,1.0,98.9,54000000.0,778957.69,98.9,1,0.00028632843563848517,1,0.5274
504485753667,0.0,0.0,0.0,0.0,1148995.48,56.0,0.0,34.5,56000000.0,1148995.48,34.5,0,0.00029828604148672593,0,0.5272
207139545726,0.0,0.0,0.0,0.0,511307.9,26.0,0.0,27.1,26000000.0,511307.9,27.1,0,0.00029815903330387457,0,0.5271
518393854280,0.0,0.0,0.0,0.0,542158.05,44.0,1.0,98.0,44000000.0,542158.05,98.0,1,0.000285561050482852,1,0.5269
964178511455,0.0,0.0,0.0,0.0,1132590.96,40.0,0.0,16.1,40000000.0,1132590.96,16.1,0,0.0002969480078243501,0,0.5262
851800552206,0.0,0.0,0.0,0.0,1122671.64,89.0,0.0,45.2,89000000.0,1122671.64,45.2,0,0.0002956530925243257,0,0.5252
480043575237,0.0,0.0,0.0,0.0,411516.4,37.0,0.0,56.1,37000000.0,411516.4,56.1,0,0.0002951681513829961,0,0.5248
602444120535,0.0,0.0,0.0,0.0,566259.83,42.0,1.0,87.0,42000000.0,566259.83,87.0,1,0.00028217198053122946,1,0.5243
981597081762,0.0,0.0,0.0,0.0,1188794.22,54.0,2.0,98.8,54000000.0,1188794.22,98.8,2,0.0002698430571192604,1,0.5243
854939232734,0.0,0.0,0.0,0.0,335158.21,2.0,2.0,99.7,2000000.0,335158.21,99.7,2,0.0002698130224821738,1,0.5242
649590073544,0.0,0.0,0.0,0.0,904604.83,46.0,0.0,34.9,46000000.0,904604.83,34.9,0,0.0002938492901765354,0,0.5238
844235017365,0.0,0.0,0.0,0.0,393596.39,31.0,1.0,83.9,31000000.0,393596.39,83.9,1,0.00028097327903647736,1,0.5234
597891200891,0.0,0.0,0.0,0.0,715575.51,48.0,2.0,96.4,48000000.0,715575.51,96.4,2,0.00026801811022988877,1,0.5229
721011300900,0.0,0.0,0.0,0.0,414758.26,29.0,1.0,99.5,29000000.0,414758.26,99.5,1,0.0002802518892592301,1,0.5228
357593070778,0.0,0.0,0.0,0.0,574094.47,37.0,2.0,96.0,37000000.0,574094.47,96.0,2,0.0002673550466673691,1,0.5224
342484037554,0.0,0.0,0.0,0.0,841561.51,49.0,2.0,94.0,49000000.0,841561.51,94.0,2,0.00026722520500687585,1,0.5223
409947002610,0.0,0.0,0.0,0.0,532649.36,37.0,1.0,98.6,37000000.0,532649.36,98.6,1,0.000278919155002184,1,0.5218
427013473034,0.0,0.0,0.0,0.0,793609.1,45.0,1.0,98.9,45000000.0,793609.1,98.9,1,0.0002786751550215971,1,0.5216
940100888002,0.0,0.0,0.0,0.0,683768.17,44.0,1.0,97.3,44000000.0,683768.17,97.3,1,0.00027780150678857746,1,0.521
749131299062,0.0,0.0,0.0,0.0,651037.49,34.0,1.0,99.0,34000000.0,651037.49,99.0,1,0.00027709232994378757,1,0.5204
918783972435,0.0,0.0,0.0,0.0,695279.86,4.0,4.0,97.2,4000000.0,695279.86,97.2,4,0.00023986903667862057,1,0.5202
779986221832,0.0,0.0,0.0,0.0,874394.9,5.0,5.0,99.9,5000000.0,874394.9,99.9,5,0.00022731614133038308,1,0.52
781417787309,0.0,0.0,0.0,0.0,776983.6599999999,30.0,2.0,99.0,30000000.0,776983.6599999999,99.0,2,0.00026367410912968184,1,0.5196
919699141099,0.0,0.0,0.0,0.0,440055.54000000004,32.0,1.0,98.8,32000000.0,440055.54000000004,98.8,1,0.0002753053834594905,1,0.5191
421047583242,0.0,0.0,0.0,0.0,1118439.9,75.0,0.0,12.3,75000000.0,1118439.9,12.3,0,0.00028737409492443915,0,0.5189
715808451612,0.0,0.0,0.0,0.0,559243.2,45.0,2.0,77.7,45000000.0,559243.2,77.7,2,0.00026278703580407363,1,0.5189
133599217310,0.0,0.0,0.0,0.0,654690.69,51.0,1.0,24.6,51000000.0,654690.69,24.6,1,0.0002748318083857123,1,0.5187
822109080735,0.0,0.0,0.0,0.0,850273.85,48.0,1.0,97.4,48000000.0,850273.85,97.4,1,0.00027356818945010493,1,0.5177
671858735572,0.0,0.0,0.0,0.0,578785.64,45.0,1.0,91.1,45000000.0,578785.64,91.1,1,0.00027343016503734665,1,0.5176
244575689172,0.0,0.0,0.0,0.0,541924.72,54.0,1.0,11.4,54000000.0,541924.72,11.4,1,0.0002732424992466773,1,0.5175
409565415813,0.0,0.0,0.0,0.0,576331.03,4.0,4.0,99.9,4000000.0,576331.03,99.9,4,0.0002361357206266004,1,0.5173
796748015784,0.0,0.0,0.0,0.0,373225.87,23.0,0.0,18.5,23000000.0,373225.87,18.5,0,0.00028465119656418227,0,0.5168
574852235294,0.0,0.0,0.0,0.0,680606.33,42.0,0.0,34.1,42000000.0,680606.33,34.1,0,0.00028423402367935206,0,0.5165
237068726856,0.0,0.0,0.0,0.0,374895.82999999996,3.0,3.0,99.8,3000000.0,374895.82999999996,99.8,3,0.0002473105036507179,1,0.5165
353302629054,0.0,0.0,0.0,0.0,825614.09,38.0,1.0,77.0,38000000.0,825614.09,77.0,1,0.00027014200932321935,1,0.5151
191756236260,0.0,0.0,0.0,0.0,664855.86,37.0,1.0,84.8,37000000.0,664855.86,84.8,1,0.0002696897616392351,1,0.5148
288247605016,0.0,0.0,0.0,0.0,619293.8,47.0,1.0,98.8,47000000.0,619293.8,98.8,1,0.00026959343368134056,1,0.5147
862816164114,0.0,0.0,0.0,0.0,146418.09,4.0,4.0,96.8,4000000.0,146418.09,96.8,4,0.00023084792748304765,1,0.5133
903196776708,0.0,0.0,0.0,0.0,768574.5399999999,37.0,1.0,100.0,37000000.0,768574.5399999999,100.0,1,0.0002676152939200425,1,0.5132
911610524124,0.0,0.0,0.0,0.0,484867.39,36.0,0.0,12.4,36000000.0,484867.39,12.4,0,0.0002795340126038232,0,0.5129
179972772625,0.0,0.0,0.0,0.0,812492.33,24.0,1.0,100.0,24000000.0,812492.33,100.0,1,0.0002669504541900116,1,0.5127
320788359523,0.0,0.0,0.0,0.0,722739.45,41.0,0.0,73.8,41000000.0,722739.45,73.8,0,0.00027924419449548883,0,0.5127
603471417643,0.0,0.0,0.0,0.0,1071554.13,43.0,0.0,20.4,43000000.0,1071554.13,20.4,0,0.0002785067724902109,0,0.5121
586595627864,0.0,0.0,0.0,0.0,837721.54,53.0,1.0,92.2,53000000.0,837721.54,92.2,1,0.00026591498290389333,1,0.5119
683174062883,0.0,0.0,0.0,0.0,302151.03,22.0,0.0,27.7,22000000.0,302151.03,27.7,0,0.00027812490147974587,0,0.5118
622121706974,0.0,0.0,0.0,0.0,461910.56,29.0,1.0,99.4,29000000.0,461910.56,99.4,1,0.0002655571733441862,1,0.5116
647286694395,0.0,0.0,0.0,0.0,470713.5,27.0,0.0,37.7,27000000.0,470713.5,37.7,0,0.0002769553536541243,0,0.5109
619235655583,0.0,0.0,0.0,0.0,373279.49,32.0,2.0,97.7,32000000.0,373279.49,97.7,2,0.0002517448153984654,1,0.5105
498439240760,0.0,0.0,0.0,0.0,877357.85,39.0,1.0,99.7,39000000.0,877357.85,99.7,1,0.0002631891260505279,1,0.5098
771821676113,0.0,0.0,0.0,0.0,822025.88,40.0,1.0,46.3,40000000.0,822025.88,46.3,1,0.0002629210439042839,1,0.5096
980241501027,0.0,0.0,0.0,0.0,526994.48,27.0,0.0,12.7,27000000.0,526994.48,12.7,0,0.00027517469530382124,0,0.5096
581288947375,0.0,0.0,0.0,0.0,501574.44,32.0,0.0,16.6,32000000.0,501574.44,16.6,0,0.0002735425696672287,0,0.5083
596091572248,0.0,0.0,0.0,0.0,563936.85,39.0,2.0,99.8,39000000.0,563936.85,99.8,2,0.0002471374264333092,1,0.507
962154168448,0.0,0.0,0.0,0.0,1074435.87,3.0,3.0,99.7,3000000.0,1074435.87,99.7,3,0.0002348704292300462,1,0.507
234173079048,0.0,0.0,0.0,0.0,392427.78,25.0,1.0,99.1,25000000.0,392427.78,99.1,1,0.0002592596340645757,1,0.5068
762248537892,0.0,0.0,0.0,0.0,402985.72,32.0,0.0,18.8,32000000.0,402985.72,18.8,0,0.00027140034637832444,0,0.5067
600247402993,0.0,0.0,0.0,0.0,701059.5700000001,47.0,0.0,43.2,47000000.0,701059.5700000001,43.2,0,0.0002705187759632235,0,0.506
428599837479,0.0,0.0,0.0,0.0,483610.57999999996,2.0,2.0,99.9,2000000.0,483610.57999999996,99.9,2,0.0002457721373380535,1,0.5059
350985737490,0.0,0.0,0.0,0.0,251303.98,23.0,1.0,99.9,23000000.0,251303.98,99.9,1,0.0002574437296591664,1,0.5054
495204946277,0.0,0.0,0.0,0.0,668055.98,45.0,1.0,99.3,45000000.0,668055.98,99.3,1,0.0002566220836148632,1,0.5048
314772417278,0.0,0.0,0.0,0.0,384913.64,29.0,1.0,9.8,29000000.0,384913.64,9.8,1,0.0002558298886906639,1,0.5042
371824244057,0.0,0.0,0.0,0.0,588213.3,47.0,0.0,9.4,47000000.0,588213.3,9.4,0,0.00026759406480613194,0,0.5038
610331206964,0.0,0.0,0.0,0.0,605604.73,33.0,0.0,31.3,33000000.0,605604.73,31.3,0,0.00026657073533330455,0,0.503
781333205332,0.0,0.0,0.0,0.0,683966.75,44.0,2.0,97.9,44000000.0,683966.75,97.9,2,0.0002414683608015454,1,0.5027
495492486320,0.0,0.0,0.0,0.0,883176.6,41.0,1.0,89.8,41000000.0,883176.6,89.8,1,0.0002533135688655679,1,0.5023
913928212315,0.0,0.0,0.0,0.0,574519.61,57.0,0.0,25.1,57000000.0,574519.61,25.1,0,0.00026559453505165784,0,0.5023
563975941099,0.0,0.0,0.0,0.0,820545.92,57.0,0.0,46.4,57000000.0,820545.92,46.4,0,0.0002647040996404964,0,0.5016
251690698319,0.0,0.0,0.0,0.0,688687.51,55.0,0.0,14.9,55000000.0,688687.51,14.9,0,0.00026337915763906326,0,0.5006
981062156817,0.0,0.0,0.0,0.0,100985.66,6.0,6.0,99.9,6000000.0,100985.66,99.9,6,0.0001895168540163689,1,0.5006
111519877503,0.0,0.0,0.0,0.0,881216.83,55.0,0.0,51.3,55000000.0,881216.83,51.3,0,0.00026328612463643767,0,0.5005
367630838117,0.0,0.0,0.0,0.0,995366.26,41.0,0.0,48.4,41000000.0,995366.26,48.4,0,0.00026316456227169505,0,0.5004
904427571824,0.0,0.0,0.0,0.0,734912.98,36.0,0.0,97.5,36000000.0,734912.98,97.5,0,0.0002621315237299295,0,0.4996
529978141455,0.0,0.0,0.0,0.0,245151.65,2.0,2.0,100.0,2000000.0,245151.65,100.0,2,0.0002370902690278661,1,0.4993
576863450767,0.0,0.0,0.0,0.0,376039.73,38.0,0.0,22.5,38000000.0,376039.73,22.5,0,0.00026127018609262804,0,0.499
316198992234,0.0,0.0,0.0,0.0,579129.84,40.0,0.0,21.6,40000000.0,579129.84,21.6,0,0.0002611686108494628,0,0.4989
548551039966,0.0,0.0,0.0,0.0,447685.53,31.0,1.0,99.2,31000000.0,447685.53,99.2,1,0.0002487453502851664,1,0.4988
393454995451,0.0,0.0,0.0,0.0,893717.26,50.0,0.0,51.4,50000000.0,893717.26,51.4,0,0.0002606329366529625,0,0.4985
442902970790,0.0,0.0,0.0,0.0,902147.61,26.0,2.0,99.8,26000000.0,902147.61,99.8,2,0.00023496897541780716,1,0.4977
249829422736,0.0,0.0,0.0,0.0,263417.35000000003,4.0,4.0,99.7,4000000.0,263417.35000000003,99.7,4,0.0002076020072181592,1,0.4956
526048770122,0.0,0.0,0.0,0.0,651878.61,20.0,0.0,16.1,20000000.0,651878.61,16.1,0,0.0002567709578970726,0,0.4956
564465516770,0.0,0.0,0.0,0.0,789886.12,38.0,0.0,70.2,38000000.0,789886.12,70.2,0,0.0002556513529221324,0,0.4947
791194795061,0.0,0.0,0.0,0.0,527031.33,4.0,4.0,99.9,4000000.0,527031.33,99.9,4,0.00020525253730959076,1,0.4938
266617256633,0.0,0.0,0.0,0.0,487436.98,33.0,0.0,22.4,33000000.0,487436.98,22.4,0,0.0002543673441910398,0,0.4937
426662324534,0.0,0.0,0.0,0.0,487962.15,31.0,0.0,31.7,31000000.0,487962.15,31.7,0,0.0002539794494382046,0,0.4934
205954060889,0.0,0.0,0.0,0.0,791410.27,39.0,0.0,37.5,39000000.0,791410.27,37.5,0,0.00025338205406643267,0,0.493
706483212404,0.0,0.0,0.0,0.0,458434.51,22.0,1.0,97.6,22000000.0,458434.51,97.6,1,0.00024100506066286563,1,0.4929
452347070812,0.0,0.0,0.0,0.0,442910.22000000003,4.0,4.0,99.8,4000000.0,442910.22000000003,99.8,4,0.00020280221899919142,1,0.492
344535843131,0.0,0.0,0.0,0.0,656548.77,13.0,1.0,99.9,13000000.0,656548.77,99.9,1,0.00023959522191465367,1,0.4919
773481896350,0.0,0.0,0.0,0.0,303893.26,19.0,2.0,75.0,19000000.0,303893.26,75.0,2,0.00022739232246316777,1,0.4919
369944159431,0.0,0.0,0.0,0.0,440684.72000000003,30.0,1.0,99.2,30000000.0,440684.72000000003,99.2,1,0.00023840092199592331,1,0.4909
774028680360,0.0,0.0,0.0,0.0,151337.88,3.0,3.0,98.9,3000000.0,151337.88,98.9,3,0.00021349536271550524,1,0.4907
180095544651,0.0,0.0,0.0,0.0,507771.6,33.0,1.0,66.8,33000000.0,507771.6,66.8,1,0.000237237952016589,1,0.4901
361339737734,0.0,0.0,0.0,0.0,661110.17,27.0,1.0,98.4,27000000.0,661110.17,98.4,1,0.00023620621837459795,1,0.4893
619192036476,0.0,0.0,0.0,0.0,508967.69,38.0,1.0,94.0,38000000.0,508967.69,94.0,1,0.00023491863159468975,1,0.4883
895058297096,0.0,0.0,0.0,0.0,239012.73,2.0,2.0,98.6,2000000.0,239012.73,98.6,2,0.00022159919010288187,1,0.4875
496347743665,0.0,0.0,0.0,0.0,517950.6,31.0,0.0,83.5,31000000.0,517950.6,83.5,0,0.00024579924776370706,0,0.4872
652189692515,0.0,0.0,0.0,0.0,281650.77,3.0,3.0,100.0,3000000.0,281650.77,100.0,3,0.0002081953090068323,1,0.4867
206713378726,0.0,0.0,0.0,0.0,272416.01,4.0,4.0,99.7,4000000.0,272416.01,99.7,4,0.00019574652605510744,1,0.4866
879170311108,0.0,0.0,0.0,0.0,419763.89,27.0,0.0,71.7,27000000.0,419763.89,71.7,0,0.00024442223493700236,0,0.4862
479541796887,0.0,0.0,0.0,0.0,299404.24,26.0,0.0,23.6,26000000.0,299404.24,23.6,0,0.00024376343478050362,0,0.4857
782951155853,0.0,0.0,0.0,0.0,249318.15000000002,3.0,3.0,97.6,3000000.0,249318.15000000002,97.6,3,0.00020681378936396447,1,0.4856
975592383253,0.0,0.0,0.0,0.0,389517.39,37.0,1.0,93.3,37000000.0,389517.39,93.3,1,0.00023117976669759805,1,0.4854
796003505669,0.0,0.0,0.0,0.0,62854.95,5.0,5.0,83.4,5000000.0,62854.95,83.4,5,0.00018173109165802806,1,0.4853
689402179510,0.0,0.0,0.0,0.0,510164.3,39.0,1.0,98.6,39000000.0,510164.3,98.6,1,0.0002303119114668156,1,0.4848
730766076782,0.0,0.0,0.0,0.0,313191.21,18.0,1.0,93.7,18000000.0,313191.21,93.7,1,0.00022877211673737435,1,0.4836
241933613571,0.0,0.0,0.0,0.0,366127.95,4.0,4.0,99.6,4000000.0,366127.95,99.6,4,0.0001917000042310849,1,0.4835
881521716601,0.0,0.0,0.0,0.0,158582.91999999998,19.0,1.0,87.7,19000000.0,158582.91999999998,87.7,1,0.00022769652881664718,1,0.4828
261747694351,0.0,0.0,0.0,0.0,457812.31,25.0,0.0,39.1,25000000.0,457812.31,39.1,0,0.00023997014866395145,0,0.4828
878698318925,0.0,0.0,0.0,0.0,481643.89,2.0,2.0,99.6,2000000.0,481643.89,99.6,2,0.00021353829561520673,1,0.4814
619154058579,0.0,0.0,0.0,0.0,329719.37,2.0,2.0,99.9,2000000.0,329719.37,99.9,2,0.00021343388948226902,1,0.4813
632723262698,0.0,0.0,0.0,0.0,462498.19,24.0,0.0,68.8,24000000.0,462498.19,68.8,0,0.00023799362632468933,0,0.4813
392371521910,0.0,0.0,0.0,0.0,433490.52,26.0,0.0,43.7,26000000.0,433490.52,43.7,0,0.00023723313533370545,0,0.4807
914641189718,0.0,0.0,0.0,0.0,403388.95,31.0,0.0,30.7,31000000.0,403388.95,30.7,0,0.0002364507722591018,0,0.4801
277786583072,0.0,0.0,0.0,0.0,447851.31,26.0,0.0,26.6,26000000.0,447851.31,26.6,0,0.0002364064398775155,0,0.4801
606377498309,0.0,0.0,0.0,0.0,319280.41,1.0,1.0,100.0,1000000.0,319280.41,100.0,1,0.00022376221746183382,1,0.4798
159891893454,0.0,0.0,0.0,0.0,221542.07,21.0,0.0,35.0,21000000.0,221542.07,35.0,0,0.0002356148326642909,0,0.4794
541988338574,0.0,0.0,0.0,0.0,315712.31,23.0,0.0,15.0,23000000.0,315712.31,15.0,0,0.00023512174639509327,0,0.4791
988668691310,0.0,0.0,0.0,0.0,236152.48,16.0,2.0,99.9,16000000.0,236152.48,99.9,2,0.00021024019549455944,1,0.4789
236861297649,0.0,0.0,0.0,0.0,468649.88,2.0,2.0,99.9,2000000.0,468649.88,99.9,2,0.00020991029174446054,1,0.4786
744044321065,0.0,0.0,0.0,0.0,136909.86,2.0,2.0,99.9,2000000.0,136909.86,99.9,2,0.00020912667931455889,1,0.478
740589415890,0.0,0.0,0.0,0.0,205115.98,25.0,0.0,7.6,25000000.0,205115.98,7.6,0,0.0002328597303759452,0,0.4774
507863164139,0.0,0.0,0.0,0.0,209309.59,17.0,0.0,52.1,17000000.0,209309.59,52.1,0,0.00023259142468088804,0,0.4771
856840285641,0.0,0.0,0.0,0.0,472887.92,32.0,0.0,30.5,32000000.0,472887.92,30.5,0,0.00023146654464446692,0,0.4763
369677419388,0.0,0.0,0.0,0.0,421019.85,2.0,2.0,99.9,2000000.0,421019.85,99.9,2,0.00020639819908124536,1,0.4759
793823510371,0.0,0.0,0.0,0.0,264007.46,2.0,2.0,99.8,2000000.0,264007.46,99.8,2,0.00020576644559196664,1,0.4755
192191044689,0.0,0.0,0.0,0.0,191276.92,13.0,0.0,55.8,13000000.0,191276.92,55.8,0,0.00022903384695796734,0,0.4744
313113993592,0.0,0.0,0.0,0.0,222520.83,18.0,0.0,55.1,18000000.0,222520.83,55.1,0,0.00022890580348658085,0,0.4743
639255241679,0.0,0.0,0.0,0.0,264528.07,21.0,0.0,34.3,21000000.0,264528.07,34.3,0,0.00022821577756305134,0,0.4738
931782948281,0.0,0.0,0.0,0.0,412469.73000000004,2.0,2.0,99.6,2000000.0,412469.73000000004,99.6,2,0.00020224663197985538,1,0.4728
262776950671,0.0,0.0,0.0,0.0,348117.71,34.0,0.0,37.1,34000000.0,348117.71,37.1,0,0.0002265823491306206,0,0.4726
183177879528,0.0,0.0,0.0,0.0,134334.53,12.0,0.0,45.4,12000000.0,134334.53,45.4,0,0.00022363717236352834,0,0.4703
422705753837,0.0,0.0,0.0,0.0,388931.38,18.0,0.0,35.2,18000000.0,388931.38,35.2,0,0.0002231781093307287,0,0.47
651288826615,0.0,0.0,0.0,0.0,449167.18,18.0,1.0,98.5,18000000.0,449167.18,98.5,1,0.00021003851629758195,1,0.4693
956308494240,0.0,0.0,0.0,0.0,183665.3,2.0,2.0,99.1,2000000.0,183665.3,99.1,2,0.00019764485612726697,1,0.4693
258008115624,0.0,0.0,0.0,0.0,393887.83,25.0,0.0,29.6,25000000.0,393887.83,29.6,0,0.00022027221334259173,0,0.4678
435035199231,0.0,0.0,0.0,0.0,198556.44,17.0,0.0,17.4,17000000.0,198556.44,17.4,0,0.00021982271864130933,0,0.4674
592961327671,0.0,0.0,0.0,0.0,397140.76,2.0,2.0,100.0,2000000.0,397140.76,100.0,2,0.00019514092948006703,1,0.4674
852718219363,0.0,0.0,0.0,0.0,27905.260000000002,3.0,3.0,99.5,3000000.0,27905.260000000002,99.5,3,0.0001822541935775075,1,0.4669
964912066951,0.0,0.0,0.0,0.0,328467.77999999997,18.0,0.0,42.3,18000000.0,328467.77999999997,42.3,0,0.00021874537099707153,0,0.4666
410658528490,0.0,0.0,0.0,0.0,652716.0800000001,2.0,2.0,99.9,2000000.0,652716.0800000001,99.9,2,0.0001923516762624079,1,0.4652
519177860005,0.0,0.0,0.0,0.0,107939.69,2.0,2.0,99.9,2000000.0,107939.69,99.9,2,0.0001913855835148698,1,0.4645
610981213235,0.0,0.0,0.0,0.0,293539.94,15.0,0.0,55.9,15000000.0,293539.94,55.9,0,0.0002139837066772209,0,0.463
333713211154,0.0,0.0,0.0,0.0,212759.92,17.0,0.0,19.9,17000000.0,212759.92,19.9,0,0.0002135516921188977,0,0.4626
235276415632,0.0,0.0,0.0,0.0,216282.53,9.0,0.0,11.0,9000000.0,216282.53,11.0,0,0.0002133112735290825,0,0.4625
220365051556,0.0,0.0,0.0,0.0,281490.66000000003,18.0,0.0,19.2,18000000.0,281490.66000000003,19.2,0,0.0002132183124470068,0,0.4624
837131360309,0.0,0.0,0.0,0.0,205815.32,26.0,0.0,19.7,26000000.0,205815.32,19.7,0,0.00021194132114925947,0,0.4614
563208880395,0.0,0.0,0.0,0.0,185183.9,14.0,0.0,59.3,14000000.0,185183.9,59.3,0,0.00021162925358381659,0,0.4612
962708878543,0.0,0.0,0.0,0.0,458177.35000000003,26.0,0.0,58.9,26000000.0,458177.35000000003,58.9,0,0.00020880930219831836,0,0.459
754493889869,0.0,0.0,0.0,0.0,32133.46,2.0,2.0,98.8,2000000.0,32133.46,98.8,2,0.00018306603490263716,1,0.4582
261376105495,0.0,0.0,0.0,0.0,426803.65,25.0,0.0,74.3,25000000.0,426803.65,74.3,0,0.0002073829161814621,0,0.4579
524197189691,0.0,0.0,0.0,0.0,15980.44,2.0,2.0,99.8,2000000.0,15980.44,99.8,2,0.00018215809505190805,1,0.4575
935263116236,0.0,0.0,0.0,0.0,188278.79,13.0,0.0,38.5,13000000.0,188278.79,38.5,0,0.00020670828248038983,0,0.4574
792111327331,0.0,0.0,0.0,0.0,80690.03,2.0,2.0,98.0,2000000.0,80690.03,98.0,2,0.0001820601690699871,1,0.4574
694210796600,0.0,0.0,0.0,0.0,35906.42,2.0,2.0,99.8,2000000.0,35906.42,99.8,2,0.00018146231106161255,1,0.457
626538343553,0.0,0.0,0.0,0.0,14846.300000000001,2.0,2.0,99.9,2000000.0,14846.300000000001,99.9,2,0.0001796097077203861,1,0.4555
580793754756,0.0,0.0,0.0,0.0,16682.6,2.0,2.0,99.9,2000000.0,16682.6,99.9,2,0.00017920408666522472,1,0.4552
832167353999,0.0,0.0,0.0,0.0,31372.77,2.0,2.0,99.9,2000000.0,31372.77,99.9,2,0.0001789829925701275,1,0.4551
660047925879,0.0,0.0,0.0,0.0,62076.28999999999,2.0,2.0,99.9,2000000.0,62076.28999999999,99.9,2,0.00017772087738818587,1,0.4541
931924061298,0.0,0.0,0.0,0.0,14515.66,2.0,2.0,100.0,2000000.0,14515.66,100.0,2,0.00017765901198490866,1,0.4541
666452410882,0.0,0.0,0.0,0.0,31071.530000000002,2.0,2.0,96.8,2000000.0,31071.530000000002,96.8,2,0.0001774269775769387,1,0.4539
191537939607,0.0,0.0,0.0,0.0,43610.08,2.0,2.0,57.6,2000000.0,43610.08,57.6,2,0.00017729539796064003,1,0.4538
239668808723,0.0,0.0,0.0,0.0,116118.50000000001,6.0,1.0,99.4,6000000.0,116118.50000000001,99.4,1,0.00018730241781606455,1,0.452
235593141168,0.0,0.0,0.0,0.0,66456.27,1.0,1.0,95.9,1000000.0,66456.27,95.9,1,0.00017979749978142156,1,0.4463
419178055364,0.0,0.0,0.0,0.0,76257.44,7.0,0.0,55.1,7000000.0,76257.44,55.1,0,0.0001910119612453609,0,0.4455
417024469750,0.0,0.0,0.0,0.0,60095.8,1.0,1.0,51.2,1000000.0,60095.8,51.2,1,0.00017811322454721443,1,0.445
731913603902,0.0,0.0,0.0,0.0,10911.41,1.0,1.0,99.7,1000000.0,10911.41,99.7,1,0.00017724604861127775,1,0.4444
624549423338,0.0,0.0,0.0,0.0,9177.85,1.0,1.0,99.9,1000000.0,9177.85,99.9,1,0.00017717403402283324,1,0.4443
914057487999,0.0,0.0,0.0,0.0,7486.53,1.0,1.0,84.4,1000000.0,7486.53,84.4,1,0.00017606783718964413,1,0.4435
979579671893,0.0,0.0,0.0,0.0,3338.11,1.0,1.0,53.8,1000000.0,3338.11,53.8,1,0.00017545787900465597,1,0.443
211821332755,0.0,0.0,0.0,0.0,3905.71,1.0,1.0,96.1,1000000.0,3905.71,96.1,1,0.00017491170328351566,1,0.4426
704193254088,0.0,0.0,0.0,0.0,62582.83,4.0,0.0,48.6,4000000.0,62582.83,48.6,0,0.00018670926846357127,0,0.4422
671835137215,0.0,0.0,0.0,0.0,77802.52,4.0,0.0,40.1,4000000.0,77802.52,40.1,0,0.00018172528495183986,0,0.4384
250594290454,0.0,0.0,0.0,0.0,38339.94,4.0,0.0,94.6,4000000.0,38339.94,94.6,0,0.00018143533886190918,0,0.4382
229510897101,0.0,0.0,0.0,0.0,50792.1,4.0,0.0,70.3,4000000.0,50792.1,70.3,0,0.00017950846210863179,0,0.4367
100000185,3607210.62,120.0,32.0,99.9,0.0,0.0,0.0,0.0,0.0,3607210.62,99.9,32,0.00017482517482517485,0,0.4332
100000009,1864568.47,111.0,29.0,99.9,0.0,0.0,0.0,0.0,0.0,1864568.47,99.9,29,0.00017482517482517485,0,0.405
100000287,2083654.46,90.0,23.0,100.0,0.0,0.0,0.0,0.0,0.0,2083654.46,100.0,23,0.00017482517482517485,0,0.3488
100000060,1113585.8599999999,101.0,22.0,99.9,0.0,0.0,0.0,0.0,0.0,1113585.8599999999,99.9,22,0.00017482517482517485,0,0.3394
100000020,1242422.28,88.0,22.0,100.0,0.0,0.0,0.0,0.0,0.0,1242422.28,100.0,22,0.00017482517482517485,0,0.3394
100000347,2051450.18,64.0,21.0,100.0,0.0,0.0,0.0,0.0,0.0,2051450.18,100.0,21,0.00017482517482517485,0,0.33
100000130,2154156.03,101.0,21.0,100.0,0.0,0.0,0.0,0.0,0.0,2154156.03,100.0,21,0.00017482517482517485,0,0.33
100000002,1969747.76,72.0,21.0,100.0,0.0,0.0,0.0,0.0,0.0,1969747.76,100.0,21,0.00017482517482517485,0,0.33
100000052,1333497.03,112.0,19.0,100.0,0.0,0.0,0.0,0.0,0.0,1333497.03,100.0,19,0.00017482517482517485,0,0.3113
100000245,1087217.18,58.0,18.0,99.9,0.0,0.0,0.0,0.0,0.0,1087217.18,99.9,18,0.00017482517482517485,0,0.3019
100000089,1322740.83,85.0,18.0,99.8,0.0,0.0,0.0,0.0,0.0,1322740.83,99.8,18,0.00017482517482517485,0,0.3019
100000159,2955350.57,90.0,18.0,100.0,0.0,0.0,0.0,0.0,0.0,2955350.57,100.0,18,0.00017482517482517485,0,0.3019
100000352,940707.97,91.0,17.0,99.5,0.0,0.0,0.0,0.0,0.0,940707.97,99.5,17,0.00017482517482517485,0,0.2925
100000268,793445.81,46.0,17.0,100.0,0.0,0.0,0.0,0.0,0.0,793445.81,100.0,17,0.00017482517482517485,0,0.2925
100000026,1285803.76,55.0,17.0,99.9,0.0,0.0,0.0,0.0,0.0,1285803.76,99.9,17,0.00017482517482517485,0,0.2925
100000344,1523859.16,48.0,16.0,100.0,0.0,0.0,0.0,0.0,0.0,1523859.16,100.0,16,0.00017482517482517485,0,0.2832
100000037,2008573.69,129.0,16.0,100.0,0.0,0.0,0.0,0.0,0.0,2008573.69,100.0,16,0.00017482517482517485,0,0.2832
100000377,1173414.86,64.0,16.0,100.0,0.0,0.0,0.0,0.0,0.0,1173414.86,100.0,16,0.00017482517482517485,0,0.2832
100000021,3494547.27,84.0,16.0,100.0,0.0,0.0,0.0,0.0,0.0,3494547.27,100.0,16,0.00017482517482517485,0,0.2832
100000370,1121237.88,113.0,15.0,99.8,0.0,0.0,0.0,0.0,0.0,1121237.88,99.8,15,0.00017482517482517485,0,0.2738
100000393,393104.11,93.0,15.0,99.3,0.0,0.0,0.0,0.0,0.0,393104.11,99.3,15,0.00017482517482517485,0,0.2738
100000217,2066453.25,87.0,15.0,99.9,0.0,0.0,0.0,0.0,0.0,2066453.25,99.9,15,0.00017482517482517485,0,0.2738
100000242,1433232.15,48.0,15.0,100.0,0.0,0.0,0.0,0.0,0.0,1433232.15,100.0,15,0.00017482517482517485,0,0.2738
100000163,2495903.23,75.0,15.0,100.0,0.0,0.0,0.0,0.0,0.0,2495903.23,100.0,15,0.00017482517482517485,0,0.2738
100000297,1001714.55,97.0,15.0,100.0,0.0,0.0,0.0,0.0,0.0,1001714.55,100.0,15,0.00017482517482517485,0,0.2738
100000048,1142522.7,51.0,15.0,100.0,0.0,0.0,0.0,0.0,0.0,1142522.7,100.0,15,0.00017482517482517485,0,0.2738
100000040,618101.8099999999,75.0,15.0,100.0,0.0,0.0,0.0,0.0,0.0,618101.8099999999,100.0,15,0.00017482517482517485,0,0.2738
100000350,1189581.09,72.0,14.0,100.0,0.0,0.0,0.0,0.0,0.0,1189581.09,100.0,14,0.00017482517482517485,0,0.2644
100000324,1523740.33,78.0,14.0,99.9,0.0,0.0,0.0,0.0,0.0,1523740.33,99.9,14,0.00017482517482517485,0,0.2644
100000335,1400105.59,58.0,14.0,99.9,0.0,0.0,0.0,0.0,0.0,1400105.59,99.9,14,0.00017482517482517485,0,0.2644
100000064,2685721.05,114.0,14.0,99.0,0.0,0.0,0.0,0.0,0.0,2685721.05,99.0,14,0.00017482517482517485,0,0.2644
100000155,5002834.18,193.0,14.0,99.5,0.0,0.0,0.0,0.0,0.0,5002834.18,99.5,14,0.00017482517482517485,0,0.2644
100000010,460919.64,68.0,14.0,99.9,0.0,0.0,0.0,0.0,0.0,460919.64,99.9,14,0.00017482517482517485,0,0.2644
100000218,6707550.09,126.0,14.0,99.9,0.0,0.0,0.0,0.0,0.0,6707550.09,99.9,14,0.00017482517482517485,0,0.2644
100000312,1002304.38,70.0,14.0,100.0,0.0,0.0,0.0,0.0,0.0,1002304.38,100.0,14,0.00017482517482517485,0,0.2644
100000120,999921.4,93.0,14.0,99.9,0.0,0.0,0.0,0.0,0.0,999921.4,99.9,14,0.00017482517482517485,0,0.2644
100000262,3887583.44,105.0,14.0,100.0,0.0,0.0,0.0,0.0,0.0,3887583.44,100.0,14,0.00017482517482517485,0,0.2644
100000119,760502.08,64.0,14.0,99.7,0.0,0.0,0.0,0.0,0.0,760502.08,99.7,14,0.00017482517482517485,0,0.2644
100000055,1147860.69,63.0,14.0,100.0,0.0,0.0,0.0,0.0,0.0,1147860.69,100.0,14,0.00017482517482517485,0,0.2644
100000139,3587467.22,84.0,13.0,100.0,0.0,0.0,0.0,0.0,0.0,3587467.22,100.0,13,0.00017482517482517485,0,0.255
100000264,832742.37,65.0,13.0,99.9,0.0,0.0,0.0,0.0,0.0,832742.37,99.9,13,0.00017482517482517485,0,0.255
100000314,1797404.23,103.0,13.0,100.0,0.0,0.0,0.0,0.0,0.0,1797404.23,100.0,13,0.00017482517482517485,0,0.255
100000235,1417849.9,100.0,13.0,99.9,0.0,0.0,0.0,0.0,0.0,1417849.9,99.9,13,0.00017482517482517485,0,0.255
100000222,726203.92,52.0,13.0,99.9,0.0,0.0,0.0,0.0,0.0,726203.92,99.9,13,0.00017482517482517485,0,0.255
100000190,2053328.45,62.0,13.0,99.9,0.0,0.0,0.0,0.0,0.0,2053328.45,99.9,13,0.00017482517482517485,0,0.255
100000145,1665298.71,67.0,13.0,100.0,0.0,0.0,0.0,0.0,0.0,1665298.71,100.0,13,0.00017482517482517485,0,0.255
100000321,895262.35,81.0,12.0,99.9,0.0,0.0,0.0,0.0,0.0,895262.35,99.9,12,0.00017482517482517485,0,0.2457
100000066,1487191.35,107.0,12.0,99.9,0.0,0.0,0.0,0.0,0.0,1487191.35,99.9,12,0.00017482517482517485,0,0.2457
100000201,1716423.82,47.0,12.0,100.0,0.0,0.0,0.0,0.0,0.0,1716423.82,100.0,12,0.00017482517482517485,0,0.2457
100000175,762091.3,39.0,12.0,99.8,0.0,0.0,0.0,0.0,0.0,762091.3,99.8,12,0.00017482517482517485,0,0.2457
100000302,3337817.31,75.0,11.0,100.0,0.0,0.0,0.0,0.0,0.0,3337817.31,100.0,11,0.00017482517482517485,0,0.2363
100000295,1583114.07,81.0,11.0,100.0,0.0,0.0,0.0,0.0,0.0,1583114.07,100.0,11,0.00017482517482517485,0,0.2363
100000354,2284896.23,150.0,11.0,100.0,0.0,0.0,0.0,0.0,0.0,2284896.23,100.0,11,0.00017482517482517485,0,0.2363
100000266,2011670.43,63.0,11.0,99.9,0.0,0.0,0.0,0.0,0.0,2011670.43,99.9,11,0.00017482517482517485,0,0.2363
100000028,815741.55,49.0,11.0,99.8,0.0,0.0,0.0,0.0,0.0,815741.55,99.8,11,0.00017482517482517485,0,0.2363
100000156,2499641.62,69.0,11.0,100.0,0.0,0.0,0.0,0.0,0.0,2499641.62,100.0,11,0.00017482517482517485,0,0.2363
100000124,1271325.61,64.0,11.0,99.9,0.0,0.0,0.0,0.0,0.0,1271325.61,99.9,11,0.00017482517482517485,0,0.2363
100000059,588159.67,65.0,11.0,99.9,0.0,0.0,0.0,0.0,0.0,588159.67,99.9,11,0.00017482517482517485,0,0.2363
100000173,591521.92,49.0,10.0,99.9,0.0,0.0,0.0,0.0,0.0,591521.92,99.9,10,0.00017482517482517485,0,0.2269
100000039,519519.35,62.0,10.0,99.9,0.0,0.0,0.0,0.0,0.0,519519.35,99.9,10,0.00017482517482517485,0,0.2269
100000186,1367804.82,66.0,10.0,100.0,0.0,0.0,0.0,0.0,0.0,1367804.82,100.0,10,0.00017482517482517485,0,0.2269
100000328,1094698.24,58.0,10.0,99.7,0.0,0.0,0.0,0.0,0.0,1094698.24,99.7,10,0.00017482517482517485,0,0.2269
100000320,1316178.41,108.0,10.0,99.9,0.0,0.0,0.0,0.0,0.0,1316178.41,99.9,10,0.00017482517482517485,0,0.2269
100000038,872256.3300000001,55.0,10.0,99.9,0.0,0.0,0.0,0.0,0.0,872256.3300000001,99.9,10,0.00017482517482517485,0,0.2269
100000150,1927920.35,76.0,10.0,100.0,0.0,0.0,0.0,0.0,0.0,1927920.35,100.0,10,0.00017482517482517485,0,0.2269
100000062,1864252.93,67.0,10.0,99.8,0.0,0.0,0.0,0.0,0.0,1864252.93,99.8,10,0.00017482517482517485,0,0.2269
100000260,1623546.58,49.0,10.0,99.9,0.0,0.0,0.0,0.0,0.0,1623546.58,99.9,10,0.00017482517482517485,0,0.2269
100000204,1316143.25,52.0,10.0,99.8,0.0,0.0,0.0,0.0,0.0,1316143.25,99.8,10,0.00017482517482517485,0,0.2269
100000074,498351.22000000003,61.0,9.0,99.6,0.0,0.0,0.0,0.0,0.0,498351.22000000003,99.6,9,0.00017482517482517485,0,0.2175
100000070,979477.88,58.0,9.0,100.0,0.0,0.0,0.0,0.0,0.0,979477.88,100.0,9,0.00017482517482517485,0,0.2175
100000332,308568.27,33.0,9.0,100.0,0.0,0.0,0.0,0.0,0.0,308568.27,100.0,9,0.00017482517482517485,0,0.2175
100000364,1610806.74,61.0,9.0,100.0,0.0,0.0,0.0,0.0,0.0,1610806.74,100.0,9,0.00017482517482517485,0,0.2175
100000081,705401.58,46.0,9.0,99.9,0.0,0.0,0.0,0.0,0.0,705401.58,99.9,9,0.00017482517482517485,0,0.2175
100000293,642270.39,61.0,9.0,99.9,0.0,0.0,0.0,0.0,0.0,642270.39,99.9,9,0.00017482517482517485,0,0.2175
100000046,1400646.3800000001,99.0,9.0,99.9,0.0,0.0,0.0,0.0,0.0,1400646.3800000001,99.9,9,0.00017482517482517485,0,0.2175
100000025,1018216.7,50.0,9.0,100.0,0.0,0.0,0.0,0.0,0.0,1018216.7,100.0,9,0.00017482517482517485,0,0.2175
100000253,1575588.65,74.0,9.0,99.9,0.0,0.0,0.0,0.0,0.0,1575588.65,99.9,9,0.00017482517482517485,0,0.2175
100000006,1148410.07,58.0,9.0,100.0,0.0,0.0,0.0,0.0,0.0,1148410.07,100.0,9,0.00017482517482517485,0,0.2175
100000188,1725994.77,79.0,9.0,100.0,0.0,0.0,0.0,0.0,0.0,1725994.77,100.0,9,0.00017482517482517485,0,0.2175
100000212,2085499.55,91.0,9.0,99.9,0.0,0.0,0.0,0.0,0.0,2085499.55,99.9,9,0.00017482517482517485,0,0.2175
100000036,651487.41,47.0,9.0,99.9,0.0,0.0,0.0,0.0,0.0,651487.41,99.9,9,0.00017482517482517485,0,0.2175
100000387,2694848.28,100.0,8.0,99.9,0.0,0.0,0.0,0.0,0.0,2694848.28,99.9,8,0.00017482517482517485,0,0.2082
100000303,1540623.44,42.0,8.0,100.0,0.0,0.0,0.0,0.0,0.0,1540623.44,100.0,8,0.00017482517482517485,0,0.2082
100000005,3069457.71,87.0,8.0,100.0,0.0,0.0,0.0,0.0,0.0,3069457.71,100.0,8,0.00017482517482517485,0,0.2082
100000034,486140.08,37.0,8.0,99.9,0.0,0.0,0.0,0.0,0.0,486140.08,99.9,8,0.00017482517482517485,0,0.2082
100000176,791103.21,41.0,8.0,100.0,0.0,0.0,0.0,0.0,0.0,791103.21,100.0,8,0.00017482517482517485,0,0.2082
100000104,1127089.25,29.0,8.0,99.9,0.0,0.0,0.0,0.0,0.0,1127089.25,99.9,8,0.00017482517482517485,0,0.2082
100000179,1192715.94,53.0,8.0,100.0,0.0,0.0,0.0,0.0,0.0,1192715.94,100.0,8,0.00017482517482517485,0,0.2082
100000329,579272.01,30.0,8.0,99.9,0.0,0.0,0.0,0.0,0.0,579272.01,99.9,8,0.00017482517482517485,0,0.2082
100000211,2362865.25,77.0,8.0,100.0,0.0,0.0,0.0,0.0,0.0,2362865.25,100.0,8,0.00017482517482517485,0,0.2082
100000216,629995.47,38.0,8.0,99.9,0.0,0.0,0.0,0.0,0.0,629995.47,99.9,8,0.00017482517482517485,0,0.2082
100000058,671023.86,38.0,8.0,99.9,0.0,0.0,0.0,0.0,0.0,671023.86,99.9,8,0.00017482517482517485,0,0.2082
100000380,2715992.97,76.0,8.0,99.3,0.0,0.0,0.0,0.0,0.0,2715992.97,99.3,8,0.00017482517482517485,0,0.2082
100000105,740875.34,59.0,7.0,100.0,0.0,0.0,0.0,0.0,0.0,740875.34,100.0,7,0.00017482517482517485,0,0.1988
100000286,577912.25,44.0,7.0,99.9,0.0,0.0,0.0,0.0,0.0,577912.25,99.9,7,0.00017482517482517485,0,0.1988
100000348,1788435.02,103.0,6.0,95.0,0.0,0.0,0.0,0.0,0.0,1788435.02,95.0,6,0.00017482517482517485,0,0.1894
100000325,1408144.04,43.0,6.0,99.9,0.0,0.0,0.0,0.0,0.0,1408144.04,99.9,6,0.00017482517482517485,0,0.1894
100000194,2392634.86,87.0,6.0,100.0,0.0,0.0,0.0,0.0,0.0,2392634.86,100.0,6,0.00017482517482517485,0,0.1894
100000008,1668616.24,112.0,5.0,98.1,0.0,0.0,0.0,0.0,0.0,1668616.24,98.1,5,0.00017482517482517485,0,0.18
100000063,632376.61,39.0,5.0,100.0,0.0,0.0,0.0,0.0,0.0,632376.61,100.0,5,0.00017482517482517485,0,0.18
100000357,2389370.82,88.0,5.0,100.0,0.0,0.0,0.0,0.0,0.0,2389370.82,100.0,5,0.00017482517482517485,0,0.18
100000111,2293747.78,45.0,5.0,99.9,0.0,0.0,0.0,0.0,0.0,2293747.78,99.9,5,0.00017482517482517485,0,0.18
100000178,1142732.73,51.0,5.0,97.6,0.0,0.0,0.0,0.0,0.0,1142732.73,97.6,5,0.00017482517482517485,0,0.18
100000143,1223254.38,51.0,5.0,99.9,0.0,0.0,0.0,0.0,0.0,1223254.38,99.9,5,0.00017482517482517485,0,0.18
100000392,585740.93,41.0,4.0,99.4,0.0,0.0,0.0,0.0,0.0,585740.93,99.4,4,0.00017482517482517485,0,0.1707
100000200,1987599.07,61.0,4.0,99.9,0.0,0.0,0.0,0.0,0.0,1987599.07,99.9,4,0.00017482517482517485,0,0.1707
100000342,1137408.23,58.0,4.0,99.5,0.0,0.0,0.0,0.0,0.0,1137408.23,99.5,4,0.00017482517482517485,0,0.1707
100000182,1425353.8499999999,54.0,4.0,100.0,0.0,0.0,0.0,0.0,0.0,1425353.8499999999,100.0,4,0.00017482517482517485,0,0.1707
100000251,1986091.97,48.0,4.0,99.4,0.0,0.0,0.0,0.0,0.0,1986091.97,99.4,4,0.00017482517482517485,0,0.1707
100000184,953845.78,43.0,4.0,100.0,0.0,0.0,0.0,0.0,0.0,953845.78,100.0,4,0.00017482517482517485,0,0.1707
100000236,845599.96,47.0,4.0,98.0,0.0,0.0,0.0,0.0,0.0,845599.96,98.0,4,0.00017482517482517485,0,0.1707
100000068,778154.96,47.0,4.0,100.0,0.0,0.0,0.0,0.0,0.0,778154.96,100.0,4,0.00017482517482517485,0,0.1707
100000069,1464472.59,44.0,4.0,99.5,0.0,0.0,0.0,0.0,0.0,1464472.59,99.5,4,0.00017482517482517485,0,0.1707
100000065,1326538.84,78.0,4.0,99.9,0.0,0.0,0.0,0.0,0.0,1326538.84,99.9,4,0.00017482517482517485,0,0.1707
100000091,1075783.78,100.0,4.0,99.1,0.0,0.0,0.0,0.0,0.0,1075783.78,99.1,4,0.00017482517482517485,0,0.1707
100000100,1172057.47,104.0,4.0,93.4,0.0,0.0,0.0,0.0,0.0,1172057.47,93.4,4,0.00017482517482517485,0,0.1707
100000107,1135186.82,42.0,4.0,99.9,0.0,0.0,0.0,0.0,0.0,1135186.82,99.9,4,0.00017482517482517485,0,0.1707
100000080,1418596.06,124.0,4.0,90.1,0.0,0.0,0.0,0.0,0.0,1418596.06,90.1,4,0.00017482517482517485,0,0.1707
100000199,1980139.17,127.0,4.0,98.4,0.0,0.0,0.0,0.0,0.0,1980139.17,98.4,4,0.00017482517482517485,0,0.1707
100000191,924719.71,78.0,4.0,98.3,0.0,0.0,0.0,0.0,0.0,924719.71,98.3,4,0.00017482517482517485,0,0.1707
100000113,3336193.28,151.0,4.0,96.9,0.0,0.0,0.0,0.0,0.0,3336193.28,96.9,4,0.00017482517482517485,0,0.1707
100000067,2263187.87,91.0,4.0,98.7,0.0,0.0,0.0,0.0,0.0,2263187.87,98.7,4,0.00017482517482517485,0,0.1707
100000281,520384.89,28.0,4.0,100.0,0.0,0.0,0.0,0.0,0.0,520384.89,100.0,4,0.00017482517482517485,0,0.1707
100000269,1580058.23,62.0,4.0,99.9,0.0,0.0,0.0,0.0,0.0,1580058.23,99.9,4,0.00017482517482517485,0,0.1707
100000230,1099616.87,57.0,3.0,97.9,0.0,0.0,0.0,0.0,0.0,1099616.87,97.9,3,0.00017482517482517485,0,0.1613
100000226,1441203.46,89.0,3.0,99.8,0.0,0.0,0.0,0.0,0.0,1441203.46,99.8,3,0.00017482517482517485,0,0.1613
100000152,865286.45,52.0,3.0,99.0,0.0,0.0,0.0,0.0,0.0,865286.45,99.0,3,0.00017482517482517485,0,0.1613
100000279,816723.15,54.0,3.0,99.4,0.0,0.0,0.0,0.0,0.0,816723.15,99.4,3,0.00017482517482517485,0,0.1613
100000011,1371103.51,41.0,3.0,99.9,0.0,0.0,0.0,0.0,0.0,1371103.51,99.9,3,0.00017482517482517485,0,0.1613
100000019,1092223.02,32.0,3.0,99.7,0.0,0.0,0.0,0.0,0.0,1092223.02,99.7,3,0.00017482517482517485,0,0.1613
100000103,1756867.83,50.0,3.0,100.0,0.0,0.0,0.0,0.0,0.0,1756867.83,100.0,3,0.00017482517482517485,0,0.1613
100000250,429208.99,58.0,3.0,96.8,0.0,0.0,0.0,0.0,0.0,429208.99,96.8,3,0.00017482517482517485,0,0.1613
100000272,573014.08,41.0,3.0,99.9,0.0,0.0,0.0,0.0,0.0,573014.08,99.9,3,0.00017482517482517485,0,0.1613
100000300,582074.3,69.0,3.0,99.9,0.0,0.0,0.0,0.0,0.0,582074.3,99.9,3,0.00017482517482517485,0,0.1613
100000001,669779.15,33.0,3.0,99.7,0.0,0.0,0.0,0.0,0.0,669779.15,99.7,3,0.00017482517482517485,0,0.1613
100000299,981477.63,82.0,3.0,99.9,0.0,0.0,0.0,0.0,0.0,981477.63,99.9,3,0.00017482517482517485,0,0.1613
100000274,445546.88,31.0,3.0,98.8,0.0,0.0,0.0,0.0,0.0,445546.88,98.8,3,0.00017482517482517485,0,0.1613
100000243,1205734.79,47.0,3.0,99.5,0.0,0.0,0.0,0.0,0.0,1205734.79,99.5,3,0.00017482517482517485,0,0.1613
100000095,674371.51,34.0,3.0,95.4,0.0,0.0,0.0,0.0,0.0,674371.51,95.4,3,0.00017482517482517485,0,0.1613
100000356,2911116.73,90.0,3.0,99.8,0.0,0.0,0.0,0.0,0.0,2911116.73,99.8,3,0.00017482517482517485,0,0.1613
100000379,1314793.39,131.0,3.0,99.9,0.0,0.0,0.0,0.0,0.0,1314793.39,99.9,3,0.00017482517482517485,0,0.1613
100000030,917704.51,103.0,3.0,92.9,0.0,0.0,0.0,0.0,0.0,917704.51,92.9,3,0.00017482517482517485,0,0.1613
100000042,2314002.7,159.0,3.0,99.6,0.0,0.0,0.0,0.0,0.0,2314002.7,99.6,3,0.00017482517482517485,0,0.1613
100000376,1011643.17,54.0,3.0,99.4,0.0,0.0,0.0,0.0,0.0,1011643.17,99.4,3,0.00017482517482517485,0,0.1613
100000252,642407.72,32.0,3.0,99.8,0.0,0.0,0.0,0.0,0.0,642407.72,99.8,3,0.00017482517482517485,0,0.1613
100000256,1031999.4299999999,43.0,3.0,99.9,0.0,0.0,0.0,0.0,0.0,1031999.4299999999,99.9,3,0.00017482517482517485,0,0.1613
100000385,3557575.8,89.0,3.0,98.8,0.0,0.0,0.0,0.0,0.0,3557575.8,98.8,3,0.00017482517482517485,0,0.1613
100000122,873556.33,39.0,3.0,99.4,0.0,0.0,0.0,0.0,0.0,873556.33,99.4,3,0.00017482517482517485,0,0.1613
100000171,798115.7,59.0,3.0,97.6,0.0,0.0,0.0,0.0,0.0,798115.7,97.6,3,0.00017482517482517485,0,0.1613
100000368,395402.97,35.0,3.0,94.5,0.0,0.0,0.0,0.0,0.0,395402.97,94.5,3,0.00017482517482517485,0,0.1613
100000366,936219.82,40.0,3.0,100.0,0.0,0.0,0.0,0.0,0.0,936219.82,100.0,3,0.00017482517482517485,0,0.1613
100000015,655808.72,48.0,3.0,97.9,0.0,0.0,0.0,0.0,0.0,655808.72,97.9,3,0.00017482517482517485,0,0.1613
100000362,567525.52,31.0,3.0,100.0,0.0,0.0,0.0,0.0,0.0,567525.52,100.0,3,0.00017482517482517485,0,0.1613
100000078,203923.26,29.0,3.0,99.8,0.0,0.0,0.0,0.0,0.0,203923.26,99.8,3,0.00017482517482517485,0,0.1613
100000110,1018819.89,80.0,3.0,99.2,0.0,0.0,0.0,0.0,0.0,1018819.89,99.2,3,0.00017482517482517485,0,0.1613
100000072,1416168.79,29.0,3.0,99.9,0.0,0.0,0.0,0.0,0.0,1416168.79,99.9,3,0.00017482517482517485,0,0.1613
100000346,768976.2000000001,54.0,3.0,99.5,0.0,0.0,0.0,0.0,0.0,768976.2000000001,99.5,3,0.00017482517482517485,0,0.1613
100000339,1388883.83,50.0,3.0,99.6,0.0,0.0,0.0,0.0,0.0,1388883.83,99.6,3,0.00017482517482517485,0,0.1613
100000050,2328032.14,81.0,3.0,98.8,0.0,0.0,0.0,0.0,0.0,2328032.14,98.8,3,0.00017482517482517485,0,0.1613
100000031,841360.84,60.0,3.0,70.6,0.0,0.0,0.0,0.0,0.0,841360.84,70.6,3,0.00017482517482517485,0,0.1613
100000041,1451139.47,50.0,2.0,95.8,0.0,0.0,0.0,0.0,0.0,1451139.47,95.8,2,0.00017482517482517485,0,0.1519
100000047,2057167.19,75.0,2.0,98.5,0.0,0.0,0.0,0.0,0.0,2057167.19,98.5,2,0.00017482517482517485,0,0.1519
100000007,1008079.14,56.0,2.0,85.4,0.0,0.0,0.0,0.0,0.0,1008079.14,85.4,2,0.00017482517482517485,0,0.1519
100000270,803014.72,56.0,2.0,99.4,0.0,0.0,0.0,0.0,0.0,803014.72,99.4,2,0.00017482517482517485,0,0.1519
100000134,598436.38,63.0,2.0,83.9,0.0,0.0,0.0,0.0,0.0,598436.38,83.9,2,0.00017482517482517485,0,0.1519
100000273,618403.29,50.0,2.0,99.4,0.0,0.0,0.0,0.0,0.0,618403.29,99.4,2,0.00017482517482517485,0,0.1519
100000267,749625.36,32.0,2.0,96.0,0.0,0.0,0.0,0.0,0.0,749625.36,96.0,2,0.00017482517482517485,0,0.1519
100000056,1306857.85,33.0,2.0,99.9,0.0,0.0,0.0,0.0,0.0,1306857.85,99.9,2,0.00017482517482517485,0,0.1519
100000258,1508795.26,39.0,2.0,95.5,0.0,0.0,0.0,0.0,0.0,1508795.26,95.5,2,0.00017482517482517485,0,0.1519
100000265,428111.35000000003,31.0,2.0,100.0,0.0,0.0,0.0,0.0,0.0,428111.35000000003,100.0,2,0.00017482517482517485,0,0.1519
100000208,2284040.76,20.0,2.0,99.1,0.0,0.0,0.0,0.0,0.0,2284040.76,99.1,2,0.00017482517482517485,0,0.1519
100000018,971809.36,74.0,2.0,93.1,0.0,0.0,0.0,0.0,0.0,971809.36,93.1,2,0.00017482517482517485,0,0.1519
100000288,1056577.17,46.0,2.0,100.0,0.0,0.0,0.0,0.0,0.0,1056577.17,100.0,2,0.00017482517482517485,0,0.1519
100000209,1576119.45,67.0,2.0,99.2,0.0,0.0,0.0,0.0,0.0,1576119.45,99.2,2,0.00017482517482517485,0,0.1519
100000014,1208341.06,90.0,2.0,99.1,0.0,0.0,0.0,0.0,0.0,1208341.06,99.1,2,0.00017482517482517485,0,0.1519
100000106,2573012.5,93.0,2.0,99.5,0.0,0.0,0.0,0.0,0.0,2573012.5,99.5,2,0.00017482517482517485,0,0.1519
100000284,2867517.67,123.0,2.0,98.0,0.0,0.0,0.0,0.0,0.0,2867517.67,98.0,2,0.00017482517482517485,0,0.1519
100000133,421125.51,49.0,2.0,97.9,0.0,0.0,0.0,0.0,0.0,421125.51,97.9,2,0.00017482517482517485,0,0.1519
100000054,1751949.32,60.0,2.0,99.9,0.0,0.0,0.0,0.0,0.0,1751949.32,99.9,2,0.00017482517482517485,0,0.1519
100000053,615362.57,35.0,2.0,100.0,0.0,0.0,0.0,0.0,0.0,615362.57,100.0,2,0.00017482517482517485,0,0.1519
100000132,313778.06,56.0,2.0,94.9,0.0,0.0,0.0,0.0,0.0,313778.06,94.9,2,0.00017482517482517485,0,0.1519
100000131,1075888.76,145.0,2.0,99.7,0.0,0.0,0.0,0.0,0.0,1075888.76,99.7,2,0.00017482517482517485,0,0.1519
100000213,1158789.48,41.0,2.0,97.5,0.0,0.0,0.0,0.0,0.0,1158789.48,97.5,2,0.00017482517482517485,0,0.1519
100000263,879338.66,69.0,2.0,99.4,0.0,0.0,0.0,0.0,0.0,879338.66,99.4,2,0.00017482517482517485,0,0.1519
100000210,667788.51,26.0,2.0,99.8,0.0,0.0,0.0,0.0,0.0,667788.51,99.8,2,0.00017482517482517485,0,0.1519
100000283,769225.79,40.0,2.0,99.7,0.0,0.0,0.0,0.0,0.0,769225.79,99.7,2,0.00017482517482517485,0,0.1519
100000381,627990.05,29.0,2.0,99.9,0.0,0.0,0.0,0.0,0.0,627990.05,99.9,2,0.00017482517482517485,0,0.1519
100000013,1339390.75,55.0,2.0,99.2,0.0,0.0,0.0,0.0,0.0,1339390.75,99.2,2,0.00017482517482517485,0,0.1519
100000327,1404343.74,69.0,2.0,97.6,0.0,0.0,0.0,0.0,0.0,1404343.74,97.6,2,0.00017482517482517485,0,0.1519
100000330,449649.53,33.0,2.0,98.6,0.0,0.0,0.0,0.0,0.0,449649.53,98.6,2,0.00017482517482517485,0,0.1519
100000334,1217206.97,51.0,2.0,99.1,0.0,0.0,0.0,0.0,0.0,1217206.97,99.1,2,0.00017482517482517485,0,0.1519
100000399,1082938.98,73.0,2.0,86.2,0.0,0.0,0.0,0.0,0.0,1082938.98,86.2,2,0.00017482517482517485,0,0.1519
100000244,1487917.02,58.0,2.0,100.0,0.0,0.0,0.0,0.0,0.0,1487917.02,100.0,2,0.00017482517482517485,0,0.1519
100000157,580740.82,27.0,2.0,71.6,0.0,0.0,0.0,0.0,0.0,580740.82,71.6,2,0.00017482517482517485,0,0.1519
100000161,179943.4,12.0,2.0,99.2,0.0,0.0,0.0,0.0,0.0,179943.4,99.2,2,0.00017482517482517485,0,0.1519
100000237,866704.24,47.0,2.0,96.8,0.0,0.0,0.0,0.0,0.0,866704.24,96.8,2,0.00017482517482517485,0,0.1519
100000390,1001891.77,85.0,2.0,99.9,0.0,0.0,0.0,0.0,0.0,1001891.77,99.9,2,0.00017482517482517485,0,0.1519
100000389,691993.81,55.0,2.0,96.3,0.0,0.0,0.0,0.0,0.0,691993.81,96.3,2,0.00017482517482517485,0,0.1519
100000027,115887.86,21.0,2.0,99.8,0.0,0.0,0.0,0.0,0.0,115887.86,99.8,2,0.00017482517482517485,0,0.1519
100000241,3247729.56,73.0,2.0,98.5,0.0,0.0,0.0,0.0,0.0,3247729.56,98.5,2,0.00017482517482517485,0,0.1519
100000361,2715708.49,61.0,2.0,99.5,0.0,0.0,0.0,0.0,0.0,2715708.49,99.5,2,0.00017482517482517485,0,0.1519
100000090,2560734.59,64.0,2.0,99.9,0.0,0.0,0.0,0.0,0.0,2560734.59,99.9,2,0.00017482517482517485,0,0.1519
100000168,1082802.3399999999,30.0,2.0,98.2,0.0,0.0,0.0,0.0,0.0,1082802.3399999999,98.2,2,0.00017482517482517485,0,0.1519
100000369,1492183.18,50.0,2.0,94.9,0.0,0.0,0.0,0.0,0.0,1492183.18,94.9,2,0.00017482517482517485,0,0.1519
100000004,447832.76,30.0,2.0,93.2,0.0,0.0,0.0,0.0,0.0,447832.76,93.2,2,0.00017482517482517485,0,0.1519
100000371,1128099.53,47.0,2.0,99.5,0.0,0.0,0.0,0.0,0.0,1128099.53,99.5,2,0.00017482517482517485,0,0.1519
100000012,1098671.25,34.0,2.0,99.9,0.0,0.0,0.0,0.0,0.0,1098671.25,99.9,2,0.00017482517482517485,0,0.1519
100000084,343457.75,38.0,2.0,98.4,0.0,0.0,0.0,0.0,0.0,343457.75,98.4,2,0.00017482517482517485,0,0.1519
100000375,563632.36,35.0,2.0,99.1,0.0,0.0,0.0,0.0,0.0,563632.36,99.1,2,0.00017482517482517485,0,0.1519
100000383,1134510.6,55.0,2.0,99.6,0.0,0.0,0.0,0.0,0.0,1134510.6,99.6,2,0.00017482517482517485,0,0.1519
100000195,730491.7,45.0,2.0,99.1,0.0,0.0,0.0,0.0,0.0,730491.7,99.1,2,0.00017482517482517485,0,0.1519
100000187,1113175.09,39.0,2.0,99.8,0.0,0.0,0.0,0.0,0.0,1113175.09,99.8,2,0.00017482517482517485,0,0.1519
100000221,995162.5800000001,26.0,2.0,100.0,0.0,0.0,0.0,0.0,0.0,995162.5800000001,100.0,2,0.00017482517482517485,0,0.1519
100000247,969521.51,47.0,2.0,100.0,0.0,0.0,0.0,0.0,0.0,969521.51,100.0,2,0.00017482517482517485,0,0.1519
100000140,837027.93,54.0,2.0,99.7,0.0,0.0,0.0,0.0,0.0,837027.93,99.7,2,0.00017482517482517485,0,0.1519
100000141,630395.4400000001,29.0,2.0,99.9,0.0,0.0,0.0,0.0,0.0,630395.4400000001,99.9,2,0.00017482517482517485,0,0.1519
100000308,941609.4400000001,50.0,2.0,99.5,0.0,0.0,0.0,0.0,0.0,941609.4400000001,99.5,2,0.00017482517482517485,0,0.1519
100000023,1636881.2,80.0,2.0,99.8,0.0,0.0,0.0,0.0,0.0,1636881.2,99.8,2,0.00017482517482517485,0,0.1519
100000310,401066.73000000004,20.0,2.0,98.6,0.0,0.0,0.0,0.0,0.0,401066.73000000004,98.6,2,0.00017482517482517485,0,0.1519
100000219,1229758.94,90.0,2.0,97.2,0.0,0.0,0.0,0.0,0.0,1229758.94,97.2,2,0.00017482517482517485,0,0.1519
100000144,1197573.35,61.0,2.0,83.8,0.0,0.0,0.0,0.0,0.0,1197573.35,83.8,2,0.00017482517482517485,0,0.1519
100000311,234480.8,63.0,2.0,99.0,0.0,0.0,0.0,0.0,0.0,234480.8,99.0,2,0.00017482517482517485,0,0.1519
100000147,1994187.26,36.0,2.0,99.4,0.0,0.0,0.0,0.0,0.0,1994187.26,99.4,2,0.00017482517482517485,0,0.1519
100000326,1314965.17,49.0,2.0,99.8,0.0,0.0,0.0,0.0,0.0,1314965.17,99.8,2,0.00017482517482517485,0,0.1519
100000315,633830.24,81.0,2.0,93.9,0.0,0.0,0.0,0.0,0.0,633830.24,93.9,2,0.00017482517482517485,0,0.1519
100000240,578162.71,66.0,2.0,92.5,0.0,0.0,0.0,0.0,0.0,578162.71,92.5,2,0.00017482517482517485,0,0.1519
100000024,1030440.2,16.0,2.0,99.9,0.0,0.0,0.0,0.0,0.0,1030440.2,99.9,2,0.00017482517482517485,0,0.1519
100000318,422742.89,48.0,2.0,99.9,0.0,0.0,0.0,0.0,0.0,422742.89,99.9,2,0.00017482517482517485,0,0.1519
100000228,1248472.28,23.0,2.0,99.9,0.0,0.0,0.0,0.0,0.0,1248472.28,99.9,2,0.00017482517482517485,0,0.1519
100000116,127431.05,22.0,2.0,91.9,0.0,0.0,0.0,0.0,0.0,127431.05,91.9,2,0.00017482517482517485,0,0.1519
100000151,493169.12,52.0,2.0,98.5,0.0,0.0,0.0,0.0,0.0,493169.12,98.5,2,0.00017482517482517485,0,0.1519
100000234,479067.93,28.0,2.0,99.9,0.0,0.0,0.0,0.0,0.0,479067.93,99.9,2,0.00017482517482517485,0,0.1519
100000153,784012.23,88.0,2.0,68.4,0.0,0.0,0.0,0.0,0.0,784012.23,68.4,2,0.00017482517482517485,0,0.1519
100000003,544794.91,46.0,1.0,52.5,0.0,0.0,0.0,0.0,0.0,544794.91,52.5,1,0.00017482517482517485,0,0.1425
100000033,328783.71,19.0,1.0,96.8,0.0,0.0,0.0,0.0,0.0,328783.71,96.8,1,0.00017482517482517485,0,0.1425
100000029,2113027.85,90.0,1.0,99.5,0.0,0.0,0.0,0.0,0.0,2113027.85,99.5,1,0.00017482517482517485,0,0.1425
100000022,331011.42,28.0,1.0,61.7,0.0,0.0,0.0,0.0,0.0,331011.42,61.7,1,0.00017482517482517485,0,0.1425
100000017,827092.2,67.0,1.0,85.4,0.0,0.0,0.0,0.0,0.0,827092.2,85.4,1,0.00017482517482517485,0,0.1425
100000118,1342051.67,30.0,1.0,99.9,0.0,0.0,0.0,0.0,0.0,1342051.67,99.9,1,0.00017482517482517485,0,0.1425
100000043,164514.13999999998,26.0,1.0,96.9,0.0,0.0,0.0,0.0,0.0,164514.13999999998,96.9,1,0.00017482517482517485,0,0.1425
100000231,538678.54,27.0,1.0,99.8,0.0,0.0,0.0,0.0,0.0,538678.54,99.8,1,0.00017482517482517485,0,0.1425
100000233,969584.25,35.0,1.0,96.6,0.0,0.0,0.0,0.0,0.0,969584.25,96.6,1,0.00017482517482517485,0,0.1425
100000238,569554.8099999999,40.0,1.0,95.0,0.0,0.0,0.0,0.0,0.0,569554.8099999999,95.0,1,0.00017482517482517485,0,0.1425
100000246,789339.7,43.0,1.0,98.2,0.0,0.0,0.0,0.0,0.0,789339.7,98.2,1,0.00017482517482517485,0,0.1425
100000249,481169.16,23.0,1.0,99.9,0.0,0.0,0.0,0.0,0.0,481169.16,99.9,1,0.00017482517482517485,0,0.1425
100000255,426524.49,39.0,1.0,53.5,0.0,0.0,0.0,0.0,0.0,426524.49,53.5,1,0.00017482517482517485,0,0.1425
100000261,282913.38,32.0,1.0,80.4,0.0,0.0,0.0,0.0,0.0,282913.38,80.4,1,0.00017482517482517485,0,0.1425
100000271,158115.52,11.0,1.0,90.0,0.0,0.0,0.0,0.0,0.0,158115.52,90.0,1,0.00017482517482517485,0,0.1425
100000276,290596.19,19.0,1.0,75.4,0.0,0.0,0.0,0.0,0.0,290596.19,75.4,1,0.00017482517482517485,0,0.1425
100000278,328143.65,22.0,1.0,91.9,0.0,0.0,0.0,0.0,0.0,328143.65,91.9,1,0.00017482517482517485,0,0.1425
100000282,634225.9,23.0,1.0,89.4,0.0,0.0,0.0,0.0,0.0,634225.9,89.4,1,0.00017482517482517485,0,0.1425
100000291,1697776.78,58.0,1.0,97.2,0.0,0.0,0.0,0.0,0.0,1697776.78,97.2,1,0.00017482517482517485,0,0.1425
100000292,1202960.29,58.0,1.0,98.4,0.0,0.0,0.0,0.0,0.0,1202960.29,98.4,1,0.00017482517482517485,0,0.1425
100000296,328594.07,40.0,1.0,97.3,0.0,0.0,0.0,0.0,0.0,328594.07,97.3,1,0.00017482517482517485,0,0.1425
100000298,243418.89,22.0,1.0,97.9,0.0,0.0,0.0,0.0,0.0,243418.89,97.9,1,0.00017482517482517485,0,0.1425
100000304,1107982.15,44.0,1.0,99.9,0.0,0.0,0.0,0.0,0.0,1107982.15,99.9,1,0.00017482517482517485,0,0.1425
100000305,187175.98,36.0,1.0,99.4,0.0,0.0,0.0,0.0,0.0,187175.98,99.4,1,0.00017482517482517485,0,0.1425
100000306,986710.59,35.0,1.0,78.2,0.0,0.0,0.0,0.0,0.0,986710.59,78.2,1,0.00017482517482517485,0,0.1425
100000307,1262865.21,80.0,1.0,70.1,0.0,0.0,0.0,0.0,0.0,1262865.21,70.1,1,0.00017482517482517485,0,0.1425
100000309,554043.99,15.0,1.0,99.0,0.0,0.0,0.0,0.0,0.0,554043.99,99.0,1,0.00017482517482517485,0,0.1425
100000313,1037267.51,40.0,1.0,96.0,0.0,0.0,0.0,0.0,0.0,1037267.51,96.0,1,0.00017482517482517485,0,0.1425
100000317,356624.29,28.0,1.0,75.5,0.0,0.0,0.0,0.0,0.0,356624.29,75.5,1,0.00017482517482517485,0,0.1425
100000319,609297.09,29.0,1.0,47.7,0.0,0.0,0.0,0.0,0.0,609297.09,47.7,1,0.00017482517482517485,0,0.1425
100000322,558291.76,53.0,1.0,87.9,0.0,0.0,0.0,0.0,0.0,558291.76,87.9,1,0.00017482517482517485,0,0.1425
100000331,1786777.1099999999,43.0,1.0,100.0,0.0,0.0,0.0,0.0,0.0,1786777.1099999999,100.0,1,0.00017482517482517485,0,0.1425
100000338,552849.63,38.0,1.0,9.5,0.0,0.0,0.0,0.0,0.0,552849.63,9.5,1,0.00017482517482517485,0,0.1425
100000232,614402.38,46.0,1.0,91.8,0.0,0.0,0.0,0.0,0.0,614402.38,91.8,1,0.00017482517482517485,0,0.1425
100000227,979656.77,39.0,1.0,98.9,0.0,0.0,0.0,0.0,0.0,979656.77,98.9,1,0.00017482517482517485,0,0.1425
100000345,942012.96,36.0,1.0,100.0,0.0,0.0,0.0,0.0,0.0,942012.96,100.0,1,0.00017482517482517485,0,0.1425
100000224,663588.66,28.0,1.0,98.2,0.0,0.0,0.0,0.0,0.0,663588.66,98.2,1,0.00017482517482517485,0,0.1425
100000126,1188837.66,51.0,1.0,99.4,0.0,0.0,0.0,0.0,0.0,1188837.66,99.4,1,0.00017482517482517485,0,0.1425
100000127,340942.14,30.0,1.0,99.8,0.0,0.0,0.0,0.0,0.0,340942.14,99.8,1,0.00017482517482517485,0,0.1425
100000128,545756.89,45.0,1.0,98.4,0.0,0.0,0.0,0.0,0.0,545756.89,98.4,1,0.00017482517482517485,0,0.1425
100000135,195477.87,34.0,1.0,94.0,0.0,0.0,0.0,0.0,0.0,195477.87,94.0,1,0.00017482517482517485,0,0.1425
100000137,486116.23,52.0,1.0,92.8,0.0,0.0,0.0,0.0,0.0,486116.23,92.8,1,0.00017482517482517485,0,0.1425
100000142,1043901.38,62.0,1.0,95.2,0.0,0.0,0.0,0.0,0.0,1043901.38,95.2,1,0.00017482517482517485,0,0.1425
100000146,834412.0,41.0,1.0,92.1,0.0,0.0,0.0,0.0,0.0,834412.0,92.1,1,0.00017482517482517485,0,0.1425
100000148,1198931.81,53.0,1.0,99.0,0.0,0.0,0.0,0.0,0.0,1198931.81,99.0,1,0.00017482517482517485,0,0.1425
100000154,279147.67,30.0,1.0,95.1,0.0,0.0,0.0,0.0,0.0,279147.67,95.1,1,0.00017482517482517485,0,0.1425
100000164,369345.91000000003,15.0,1.0,97.8,0.0,0.0,0.0,0.0,0.0,369345.91000000003,97.8,1,0.00017482517482517485,0,0.1425
100000165,284670.05,20.0,1.0,69.3,0.0,0.0,0.0,0.0,0.0,284670.05,69.3,1,0.00017482517482517485,0,0.1425
100000167,410355.46,32.0,1.0,97.2,0.0,0.0,0.0,0.0,0.0,410355.46,97.2,1,0.00017482517482517485,0,0.1425
100000170,386575.67,21.0,1.0,93.8,0.0,0.0,0.0,0.0,0.0,386575.67,93.8,1,0.00017482517482517485,0,0.1425
100000174,1313146.37,35.0,1.0,80.1,0.0,0.0,0.0,0.0,0.0,1313146.37,80.1,1,0.00017482517482517485,0,0.1425
100000177,525239.89,15.0,1.0,99.7,0.0,0.0,0.0,0.0,0.0,525239.89,99.7,1,0.00017482517482517485,0,0.1425
100000181,346444.01,21.0,1.0,21.9,0.0,0.0,0.0,0.0,0.0,346444.01,21.9,1,0.00017482517482517485,0,0.1425
100000183,696152.75,45.0,1.0,92.4,0.0,0.0,0.0,0.0,0.0,696152.75,92.4,1,0.00017482517482517485,0,0.1425
100000196,397929.41000000003,33.0,1.0,99.9,0.0,0.0,0.0,0.0,0.0,397929.41000000003,99.9,1,0.00017482517482517485,0,0.1425
100000198,166135.71,8.0,1.0,95.1,0.0,0.0,0.0,0.0,0.0,166135.71,95.1,1,0.00017482517482517485,0,0.1425
100000202,496379.62,44.0,1.0,99.7,0.0,0.0,0.0,0.0,0.0,496379.62,99.7,1,0.00017482517482517485,0,0.1425
100000203,988900.77,24.0,1.0,98.9,0.0,0.0,0.0,0.0,0.0,988900.77,98.9,1,0.00017482517482517485,0,0.1425
100000205,274771.27,27.0,1.0,99.9,0.0,0.0,0.0,0.0,0.0,274771.27,99.9,1,0.00017482517482517485,0,0.1425
100000207,668491.77,18.0,1.0,4.8,0.0,0.0,0.0,0.0,0.0,668491.77,4.8,1,0.00017482517482517485,0,0.1425
100000214,659825.0499999999,33.0,1.0,68.8,0.0,0.0,0.0,0.0,0.0,659825.0499999999,68.8,1,0.00017482517482517485,0,0.1425
100000223,622427.97,58.0,1.0,99.7,0.0,0.0,0.0,0.0,0.0,622427.97,99.7,1,0.00017482517482517485,0,0.1425
100000341,573269.47,24.0,1.0,86.6,0.0,0.0,0.0,0.0,0.0,573269.47,86.6,1,0.00017482517482517485,0,0.1425
100000000,1066815.81,53.0,1.0,90.1,0.0,0.0,0.0,0.0,0.0,1066815.81,90.1,1,0.00017482517482517485,0,0.1425
100000109,213722.22,44.0,1.0,82.1,0.0,0.0,0.0,0.0,0.0,213722.22,82.1,1,0.00017482517482517485,0,0.1425
100000397,2159061.98,64.0,1.0,99.1,0.0,0.0,0.0,0.0,0.0,2159061.98,99.1,1,0.00017482517482517485,0,0.1425
100000388,326845.52999999997,40.0,1.0,95.8,0.0,0.0,0.0,0.0,0.0,326845.52999999997,95.8,1,0.00017482517482517485,0,0.1425
100000099,461509.9,25.0,1.0,95.5,0.0,0.0,0.0,0.0,0.0,461509.9,95.5,1,0.00017482517482517485,0,0.1425
100000079,1626979.26,79.0,1.0,99.0,0.0,0.0,0.0,0.0,0.0,1626979.26,99.0,1,0.00017482517482517485,0,0.1425
100000394,527647.87,40.0,1.0,68.9,0.0,0.0,0.0,0.0,0.0,527647.87,68.9,1,0.00017482517482517485,0,0.1425
100000082,202561.77,25.0,1.0,75.7,0.0,0.0,0.0,0.0,0.0,202561.77,75.7,1,0.00017482517482517485,0,0.1425
100000083,1920449.52,64.0,1.0,99.9,0.0,0.0,0.0,0.0,0.0,1920449.52,99.9,1,0.00017482517482517485,0,0.1425
100000085,427914.96,40.0,1.0,99.9,0.0,0.0,0.0,0.0,0.0,427914.96,99.9,1,0.00017482517482517485,0,0.1425
100000086,871463.48,34.0,1.0,97.1,0.0,0.0,0.0,0.0,0.0,871463.48,97.1,1,0.00017482517482517485,0,0.1425
100000087,949421.4,34.0,1.0,97.6,0.0,0.0,0.0,0.0,0.0,949421.4,97.6,1,0.00017482517482517485,0,0.1425
100000382,538820.5,27.0,1.0,97.3,0.0,0.0,0.0,0.0,0.0,538820.5,97.3,1,0.00017482517482517485,0,0.1425
100000398,481524.32,45.0,1.0,98.7,0.0,0.0,0.0,0.0,0.0,481524.32,98.7,1,0.00017482517482517485,0,0.1425
100000088,721359.92,40.0,1.0,77.5,0.0,0.0,0.0,0.0,0.0,721359.92,77.5,1,0.00017482517482517485,0,0.1425
100000117,264178.77,21.0,1.0,99.5,0.0,0.0,0.0,0.0,0.0,264178.77,99.5,1,0.00017482517482517485,0,0.1425
100000114,690388.97,24.0,1.0,90.0,0.0,0.0,0.0,0.0,0.0,690388.97,90.0,1,0.00017482517482517485,0,0.1425
100000092,1375982.93,71.0,1.0,73.4,0.0,0.0,0.0,0.0,0.0,1375982.93,73.4,1,0.00017482517482517485,0,0.1425
100000094,328380.81,37.0,1.0,99.5,0.0,0.0,0.0,0.0,0.0,328380.81,99.5,1,0.00017482517482517485,0,0.1425
100000096,448411.71,41.0,1.0,81.0,0.0,0.0,0.0,0.0,0.0,448411.71,81.0,1,0.00017482517482517485,0,0.1425
100000101,1252694.09,42.0,1.0,98.4,0.0,0.0,0.0,0.0,0.0,1252694.09,98.4,1,0.00017482517482517485,0,0.1425
100000386,206336.5,32.0,1.0,75.7,0.0,0.0,0.0,0.0,0.0,206336.5,75.7,1,0.00017482517482517485,0,0.1425
100000077,816364.4500000001,51.0,1.0,98.6,0.0,0.0,0.0,0.0,0.0,816364.4500000001,98.6,1,0.00017482517482517485,0,0.1425
100000098,57960.34,12.0,1.0,73.5,0.0,0.0,0.0,0.0,0.0,57960.34,73.5,1,0.00017482517482517485,0,0.1425
100000075,332147.12,35.0,1.0,91.1,0.0,0.0,0.0,0.0,0.0,332147.12,91.1,1,0.00017482517482517485,0,0.1425
100000073,317030.48,24.0,1.0,97.2,0.0,0.0,0.0,0.0,0.0,317030.48,97.2,1,0.00017482517482517485,0,0.1425
100000359,830759.66,30.0,1.0,89.2,0.0,0.0,0.0,0.0,0.0,830759.66,89.2,1,0.00017482517482517485,0,0.1425
100000373,331262.29,48.0,1.0,86.0,0.0,0.0,0.0,0.0,0.0,331262.29,86.0,1,0.00017482517482517485,0,0.1425
100000372,712040.73,45.0,1.0,93.5,0.0,0.0,0.0,0.0,0.0,712040.73,93.5,1,0.00017482517482517485,0,0.1425
100000057,361362.66,33.0,1.0,80.0,0.0,0.0,0.0,0.0,0.0,361362.66,80.0,1,0.00017482517482517485,0,0.1425
100000355,580639.89,31.0,1.0,99.9,0.0,0.0,0.0,0.0,0.0,580639.89,99.9,1,0.00017482517482517485,0,0.1425
100000360,865631.17,35.0,1.0,84.8,0.0,0.0,0.0,0.0,0.0,865631.17,84.8,1,0.00017482517482517485,0,0.1425
100000045,752299.72,32.0,1.0,84.8,0.0,0.0,0.0,0.0,0.0,752299.72,84.8,1,0.00017482517482517485,0,0.1425
100000061,706575.11,87.0,1.0,96.8,0.0,0.0,0.0,0.0,0.0,706575.11,96.8,1,0.00017482517482517485,0,0.1425
100000125,1630691.81,52.0,0.0,61.5,0.0,0.0,0.0,0.0,0.0,1630691.81,61.5,0,0.00017482517482517485,0,0.1332
100000192,859106.6900000001,35.0,0.0,44.5,0.0,0.0,0.0,0.0,0.0,859106.6900000001,44.5,0,0.00017482517482517485,0,0.1332
100000193,545996.55,29.0,0.0,29.6,0.0,0.0,0.0,0.0,0.0,545996.55,29.6,0,0.00017482517482517485,0,0.1332
100000093,1437182.83,63.0,0.0,34.9,0.0,0.0,0.0,0.0,0.0,1437182.83,34.9,0,0.00017482517482517485,0,0.1332
100000197,316678.0,21.0,0.0,11.0,0.0,0.0,0.0,0.0,0.0,316678.0,11.0,0,0.00017482517482517485,0,0.1332
100000049,496708.83,23.0,0.0,22.9,0.0,0.0,0.0,0.0,0.0,496708.83,22.9,0,0.00017482517482517485,0,0.1332
100000123,578011.15,46.0,0.0,28.3,0.0,0.0,0.0,0.0,0.0,578011.15,28.3,0,0.00017482517482517485,0,0.1332
100000097,933814.74,47.0,0.0,9.8,0.0,0.0,0.0,0.0,0.0,933814.74,9.8,0,0.00017482517482517485,0,0.1332
100000206,263945.44,24.0,0.0,8.2,0.0,0.0,0.0,0.0,0.0,263945.44,8.2,0,0.00017482517482517485,0,0.1332
100000121,305190.8,34.0,0.0,18.4,0.0,0.0,0.0,0.0,0.0,305190.8,18.4,0,0.00017482517482517485,0,0.1332
100000189,596559.89,51.0,0.0,9.6,0.0,0.0,0.0,0.0,0.0,596559.89,9.6,0,0.00017482517482517485,0,0.1332
100000149,457404.31,60.0,0.0,29.8,0.0,0.0,0.0,0.0,0.0,457404.31,29.8,0,0.00017482517482517485,0,0.1332
100000051,840356.65,47.0,0.0,64.4,0.0,0.0,0.0,0.0,0.0,840356.65,64.4,0,0.00017482517482517485,0,0.1332
100000129,1088508.81,42.0,0.0,18.9,0.0,0.0,0.0,0.0,0.0,1088508.81,18.9,0,0.00017482517482517485,0,0.1332
100000076,443301.17,22.0,0.0,8.8,0.0,0.0,0.0,0.0,0.0,443301.17,8.8,0,0.00017482517482517485,0,0.1332
100000136,588739.39,72.0,0.0,47.4,0.0,0.0,0.0,0.0,0.0,588739.39,47.4,0,0.00017482517482517485,0,0.1332
100000172,379859.04,26.0,0.0,34.1,0.0,0.0,0.0,0.0,0.0,379859.04,34.1,0,0.00017482517482517485,0,0.1332
100000169,808266.59,43.0,0.0,44.4,0.0,0.0,0.0,0.0,0.0,808266.59,44.4,0,0.00017482517482517485,0,0.1332
100000138,256838.22999999998,25.0,0.0,27.6,0.0,0.0,0.0,0.0,0.0,256838.22999999998,27.6,0,0.00017482517482517485,0,0.1332
100000166,1897101.4100000001,56.0,0.0,61.4,0.0,0.0,0.0,0.0,0.0,1897101.4100000001,61.4,0,0.00017482517482517485,0,0.1332
100000071,231866.74,18.0,0.0,4.2,0.0,0.0,0.0,0.0,0.0,231866.74,4.2,0,0.00017482517482517485,0,0.1332
100000162,563175.84,24.0,0.0,27.5,0.0,0.0,0.0,0.0,0.0,563175.84,27.5,0,0.00017482517482517485,0,0.1332
100000160,463036.09,29.0,0.0,25.9,0.0,0.0,0.0,0.0,0.0,463036.09,25.9,0,0.00017482517482517485,0,0.1332
100000158,912924.94,42.0,0.0,63.7,0.0,0.0,0.0,0.0,0.0,912924.94,63.7,0,0.00017482517482517485,0,0.1332
100000180,580206.5,46.0,0.0,57.2,0.0,0.0,0.0,0.0,0.0,580206.5,57.2,0,0.00017482517482517485,0,0.1332
100000351,283239.18,19.0,0.0,9.4,0.0,0.0,0.0,0.0,0.0,283239.18,9.4,0,0.00017482517482517485,0,0.1332
100000215,953578.11,41.0,0.0,35.3,0.0,0.0,0.0,0.0,0.0,953578.11,35.3,0,0.00017482517482517485,0,0.1332
100000220,168114.03,15.0,0.0,5.7,0.0,0.0,0.0,0.0,0.0,168114.03,5.7,0,0.00017482517482517485,0,0.1332
100000290,715099.74,79.0,0.0,36.2,0.0,0.0,0.0,0.0,0.0,715099.74,36.2,0,0.00017482517482517485,0,0.1332
100000391,408286.57,39.0,0.0,16.1,0.0,0.0,0.0,0.0,0.0,408286.57,16.1,0,0.00017482517482517485,0,0.1332
100000294,437905.92,42.0,0.0,27.7,0.0,0.0,0.0,0.0,0.0,437905.92,27.7,0,0.00017482517482517485,0,0.1332
100000384,297117.03,22.0,0.0,13.7,0.0,0.0,0.0,0.0,0.0,297117.03,13.7,0,0.00017482517482517485,0,0.1332
100000044,351198.66,34.0,0.0,25.6,0.0,0.0,0.0,0.0,0.0,351198.66,25.6,0,0.00017482517482517485,0,0.1332
100000378,300145.17,19.0,0.0,35.8,0.0,0.0,0.0,0.0,0.0,300145.17,35.8,0,0.00017482517482517485,0,0.1332
100000374,370665.42,42.0,0.0,41.2,0.0,0.0,0.0,0.0,0.0,370665.42,41.2,0,0.00017482517482517485,0,0.1332
100000367,747071.66,39.0,0.0,11.9,0.0,0.0,0.0,0.0,0.0,747071.66,11.9,0,0.00017482517482517485,0,0.1332
100000316,248580.3,36.0,0.0,23.9,0.0,0.0,0.0,0.0,0.0,248580.3,23.9,0,0.00017482517482517485,0,0.1332
100000365,366866.35,24.0,0.0,8.3,0.0,0.0,0.0,0.0,0.0,366866.35,8.3,0,0.00017482517482517485,0,0.1332
100000363,257789.67,26.0,0.0,15.2,0.0,0.0,0.0,0.0,0.0,257789.67,15.2,0,0.00017482517482517485,0,0.1332
100000323,1155129.46,76.0,0.0,34.1,0.0,0.0,0.0,0.0,0.0,1155129.46,34.1,0,0.00017482517482517485,0,0.1332
100000333,240088.14,23.0,0.0,24.6,0.0,0.0,0.0,0.0,0.0,240088.14,24.6,0,0.00017482517482517485,0,0.1332
100000336,423230.31,20.0,0.0,15.2,0.0,0.0,0.0,0.0,0.0,423230.31,15.2,0,0.00017482517482517485,0,0.1332
100000337,569544.31,42.0,0.0,13.2,0.0,0.0,0.0,0.0,0.0,569544.31,13.2,0,0.00017482517482517485,0,0.1332
100000358,736431.56,26.0,0.0,16.0,0.0,0.0,0.0,0.0,0.0,736431.56,16.0,0,0.00017482517482517485,0,0.1332
100000340,957949.0,26.0,0.0,16.1,0.0,0.0,0.0,0.0,0.0,957949.0,16.1,0,0.00017482517482517485,0,0.1332
100000343,173370.59,17.0,0.0,13.2,0.0,0.0,0.0,0.0,0.0,173370.59,13.2,0,0.00017482517482517485,0,0.1332
100000353,269452.2,13.0,0.0,60.1,0.0,0.0,0.0,0.0,0.0,269452.2,60.1,0,0.00017482517482517485,0,0.1332
100000289,679286.88,38.0,0.0,12.4,0.0,0.0,0.0,0.0,0.0,679286.88,12.4,0,0.00017482517482517485,0,0.1332
100000285,705956.8,39.0,0.0,16.4,0.0,0.0,0.0,0.0,0.0,705956.8,16.4,0,0.00017482517482517485,0,0.1332
100000280,300507.31,8.0,0.0,3.2,0.0,0.0,0.0,0.0,0.0,300507.31,3.2,0,0.00017482517482517485,0,0.1332
100000115,336920.84,34.0,0.0,19.4,0.0,0.0,0.0,0.0,0.0,336920.84,19.4,0,0.00017482517482517485,0,0.1332
100000102,351863.25,30.0,0.0,19.4,0.0,0.0,0.0,0.0,0.0,351863.25,19.4,0,0.00017482517482517485,0,0.1332
100000225,156283.6,15.0,0.0,4.8,0.0,0.0,0.0,0.0,0.0,156283.6,4.8,0,0.00017482517482517485,0,0.1332
100000108,281482.4,12.0,0.0,4.1,0.0,0.0,0.0,0.0,0.0,281482.4,4.1,0,0.00017482517482517485,0,0.1332
100000229,515394.1,24.0,0.0,33.2,0.0,0.0,0.0,0.0,0.0,515394.1,33.2,0,0.00017482517482517485,0,0.1332
100000349,255143.69,19.0,0.0,26.3,0.0,0.0,0.0,0.0,0.0,255143.69,26.3,0,0.00017482517482517485,0,0.1332
100000035,665299.27,39.0,0.0,46.4,0.0,0.0,0.0,0.0,0.0,665299.27,46.4,0,0.00017482517482517485,0,0.1332
100000112,224991.49,23.0,0.0,13.1,0.0,0.0,0.0,0.0,0.0,224991.49,13.1,0,0.00017482517482517485,0,0.1332
100000239,1608818.6300000001,83.0,0.0,45.2,0.0,0.0,0.0,0.0,0.0,1608818.6300000001,45.2,0,0.00017482517482517485,0,0.1332
100000248,470062.73,42.0,0.0,56.8,0.0,0.0,0.0,0.0,0.0,470062.73,56.8,0,0.00017482517482517485,0,0.1332
100000395,320055.05,25.0,0.0,8.8,0.0,0.0,0.0,0.0,0.0,320055.05,8.8,0,0.00017482517482517485,0,0.1332
100000254,227343.63,36.0,0.0,22.9,0.0,0.0,0.0,0.0,0.0,227343.63,22.9,0,0.00017482517482517485,0,0.1332
100000257,6154329.88,44.0,0.0,74.5,0.0,0.0,0.0,0.0,0.0,6154329.88,74.5,0,0.00017482517482517485,0,0.1332
100000259,875255.56,43.0,0.0,7.1,0.0,0.0,0.0,0.0,0.0,875255.56,7.1,0,0.00017482517482517485,0,0.1332
100000016,155758.61,8.0,0.0,5.7,0.0,0.0,0.0,0.0,0.0,155758.61,5.7,0,0.00017482517482517485,0,0.1332
100000032,101472.84,14.0,0.0,9.6,0.0,0.0,0.0,0.0,0.0,101472.84,9.6,0,0.00017482517482517485,0,0.1332
100000275,454246.35,42.0,0.0,45.9,0.0,0.0,0.0,0.0,0.0,454246.35,45.9,0,0.00017482517482517485,0,0.1332
100000396,131861.02,14.0,0.0,7.9,0.0,0.0,0.0,0.0,0.0,131861.02,7.9,0,0.00017482517482517485,0,0.1332
100000277,60214.3,4.0,0.0,1.9,0.0,0.0,0.0,0.0,0.0,60214.3,1.9,0,0.00017482517482517485,0,0.1332
100000301,319445.47000000003,20.0,0.0,15.7,0.0,0.0,0.0,0.0,0.0,319445.47000000003,15.7,0,0.00017482517482517485,0,0.1332
